solid jil yk_floating_island
  facet normal -0.579838 -0.653750 0.486209
    outer loop
      vertex 4.49880 0.76345 0.35000
      vertex 3.15325 1.99706 0.40404
      vertex 2.80254 1.76931 -0.32044
    endloop
  endfacet
  facet normal -0.565396 -0.785265 0.252360
    outer loop
      vertex 4.49880 0.76345 0.35000
      vertex 2.80254 1.76931 -0.32044
      vertex 4.29093 0.72587 -0.23268
    endloop
  endfacet
  facet normal -0.318191 -0.923927 0.212400
    outer loop
      vertex 3.15325 1.99706 0.40404
      vertex 1.12712 2.66410 0.27031
      vertex 1.07854 2.54118 -0.33717
    endloop
  endfacet
  facet normal -0.371045 -0.819274 0.437167
    outer loop
      vertex 3.15325 1.99706 0.40404
      vertex 1.07854 2.54118 -0.33717
      vertex 2.80254 1.76931 -0.32044
    endloop
  endfacet
  facet normal -0.044885 -0.894971 0.443860
    outer loop
      vertex 1.12712 2.66410 0.27031
      vertex -1.20668 2.85216 0.41349
      vertex -1.07334 2.52894 -0.22474
    endloop
  endfacet
  facet normal 0.015872 -0.980259 0.197080
    outer loop
      vertex 1.12712 2.66410 0.27031
      vertex -1.07334 2.52894 -0.22474
      vertex 1.07854 2.54118 -0.33717
    endloop
  endfacet
  facet normal 0.376726 -0.905921 0.193352
    outer loop
      vertex -1.20668 2.85216 0.41349
      vertex -3.18098 2.01462 0.33605
      vertex -3.04240 1.92074 -0.37382
    endloop
  endfacet
  facet normal 0.226148 -0.849152 0.477281
    outer loop
      vertex -1.20668 2.85216 0.41349
      vertex -3.04240 1.92074 -0.37382
      vertex -1.07334 2.52894 -0.22474
    endloop
  endfacet
  facet normal 0.616514 -0.519722 0.591438
    outer loop
      vertex -3.18098 2.01462 0.33605
      vertex -4.24432 0.72027 0.30707
      vertex -3.76453 0.63682 -0.26639
    endloop
  endfacet
  facet normal 0.856596 -0.462676 0.228416
    outer loop
      vertex -3.18098 2.01462 0.33605
      vertex -3.76453 0.63682 -0.26639
      vertex -3.04240 1.92074 -0.37382
    endloop
  endfacet
  facet normal 0.965644 -0.047262 0.255534
    outer loop
      vertex -4.24432 0.72027 0.30707
      vertex -4.34749 -0.73777 0.42725
      vertex -4.15979 -0.70368 -0.27575
    endloop
  endfacet
  facet normal 0.732093 -0.220364 0.644577
    outer loop
      vertex -4.24432 0.72027 0.30707
      vertex -4.15979 -0.70368 -0.27575
      vertex -3.76453 0.63682 -0.26639
    endloop
  endfacet
  facet normal 0.688000 0.460646 0.560769
    outer loop
      vertex -4.34749 -0.73777 0.42725
      vertex -3.31494 -2.09946 0.27899
      vertex -2.94661 -1.86027 -0.36938
    endloop
  endfacet
  facet normal 0.682412 0.698305 0.216066
    outer loop
      vertex -4.34749 -0.73777 0.42725
      vertex -2.94661 -1.86027 -0.36938
      vertex -4.15979 -0.70368 -0.27575
    endloop
  endfacet
  facet normal 0.216057 0.955412 0.201263
    outer loop
      vertex -3.31494 -2.09946 0.27899
      vertex -1.10815 -2.61925 0.37747
      vertex -1.06246 -2.50331 -0.22193
    endloop
  endfacet
  facet normal 0.254648 0.851315 0.458713
    outer loop
      vertex -3.31494 -2.09946 0.27899
      vertex -1.06246 -2.50331 -0.22193
      vertex -2.94661 -1.86027 -0.36938
    endloop
  endfacet
  facet normal 0.068348 0.917196 0.392531
    outer loop
      vertex -1.10815 -2.61925 0.37747
      vertex 1.18086 -2.79112 0.38050
      vertex 1.04851 -2.47044 -0.34575
    endloop
  endfacet
  facet normal -0.004167 0.981854 0.189593
    outer loop
      vertex -1.10815 -2.61925 0.37747
      vertex 1.04851 -2.47044 -0.34575
      vertex -1.06246 -2.50331 -0.22193
    endloop
  endfacet
  facet normal -0.326374 0.917854 0.225883
    outer loop
      vertex 1.18086 -2.79112 0.38050
      vertex 3.22138 -2.04021 0.27755
      vertex 3.08127 -1.94529 -0.31059
    endloop
  endfacet
  facet normal -0.232997 0.873216 0.428026
    outer loop
      vertex 1.18086 -2.79112 0.38050
      vertex 3.08127 -1.94529 -0.31059
      vertex 1.04851 -2.47044 -0.34575
    endloop
  endfacet
  facet normal -0.652951 0.521486 0.549279
    outer loop
      vertex 3.22138 -2.04021 0.27755
      vertex 4.38206 -0.74364 0.42634
      vertex 3.89091 -0.65820 -0.23863
    endloop
  endfacet
  facet normal -0.820406 0.500628 0.276234
    outer loop
      vertex 3.22138 -2.04021 0.27755
      vertex 3.89091 -0.65820 -0.23863
      vertex 3.08127 -1.94529 -0.31059
    endloop
  endfacet
  facet normal -0.939891 0.089495 0.329537
    outer loop
      vertex 4.38206 -0.74364 0.42634
      vertex 4.49880 0.76345 0.35000
      vertex 4.29093 0.72587 -0.23268
    endloop
  endfacet
  facet normal -0.770892 0.220230 0.597683
    outer loop
      vertex 4.38206 -0.74364 0.42634
      vertex 4.29093 0.72587 -0.23268
      vertex 3.89091 -0.65820 -0.23863
    endloop
  endfacet
  facet normal -0.466812 -0.612190 0.638208
    outer loop
      vertex 4.29093 0.72587 -0.23268
      vertex 2.80254 1.76931 -0.32044
      vertex 2.01632 1.28912 -1.35613
    endloop
  endfacet
  facet normal -0.464918 -0.623226 0.628841
    outer loop
      vertex 4.29093 0.72587 -0.23268
      vertex 2.01632 1.28912 -1.35613
      vertex 3.20886 0.54972 -1.20726
    endloop
  endfacet
  facet normal -0.333662 -0.732391 0.593525
    outer loop
      vertex 2.80254 1.76931 -0.32044
      vertex 1.07854 2.54118 -0.33717
      vertex 0.80957 1.93168 -1.24047
    endloop
  endfacet
  facet normal -0.333445 -0.732951 0.592956
    outer loop
      vertex 2.80254 1.76931 -0.32044
      vertex 0.80957 1.93168 -1.24047
      vertex 2.01632 1.28912 -1.35613
    endloop
  endfacet
  facet normal 0.033968 -0.827776 0.560029
    outer loop
      vertex 1.07854 2.54118 -0.33717
      vertex -1.07334 2.52894 -0.22474
      vertex -0.77093 1.83948 -1.26217
    endloop
  endfacet
  facet normal 0.041091 -0.833878 0.550416
    outer loop
      vertex 1.07854 2.54118 -0.33717
      vertex -0.77093 1.83948 -1.26217
      vertex 0.80957 1.93168 -1.24047
    endloop
  endfacet
  facet normal 0.209430 -0.811688 0.545254
    outer loop
      vertex -1.07334 2.52894 -0.22474
      vertex -3.04240 1.92074 -0.37382
      vertex -2.28758 1.46255 -1.34583
    endloop
  endfacet
  facet normal 0.166433 -0.798179 0.578973
    outer loop
      vertex -1.07334 2.52894 -0.22474
      vertex -2.28758 1.46255 -1.34583
      vertex -0.77093 1.83948 -1.26217
    endloop
  endfacet
  facet normal 0.604989 -0.277834 0.746188
    outer loop
      vertex -3.04240 1.92074 -0.37382
      vertex -3.76453 0.63682 -0.26639
      vertex -2.69270 0.46129 -1.20075
    endloop
  endfacet
  facet normal 0.726512 -0.198644 0.657815
    outer loop
      vertex -3.04240 1.92074 -0.37382
      vertex -2.69270 0.46129 -1.20075
      vertex -2.28758 1.46255 -1.34583
    endloop
  endfacet
  facet normal 0.717151 -0.216084 0.662572
    outer loop
      vertex -3.76453 0.63682 -0.26639
      vertex -4.15979 -0.70368 -0.27575
      vertex -3.13458 -0.53699 -1.33105
    endloop
  endfacet
  facet normal 0.581300 -0.352993 0.733134
    outer loop
      vertex -3.76453 0.63682 -0.26639
      vertex -3.13458 -0.53699 -1.33105
      vertex -2.69270 0.46129 -1.20075
    endloop
  endfacet
  facet normal 0.503285 0.469163 0.725665
    outer loop
      vertex -4.15979 -0.70368 -0.27575
      vertex -2.94661 -1.86027 -0.36938
      vertex -2.10656 -1.34681 -1.28396
    endloop
  endfacet
  facet normal 0.488533 0.653759 0.577870
    outer loop
      vertex -4.15979 -0.70368 -0.27575
      vertex -2.10656 -1.34681 -1.28396
      vertex -3.13458 -0.53699 -1.33105
    endloop
  endfacet
  facet normal 0.234824 0.810938 0.535945
    outer loop
      vertex -2.94661 -1.86027 -0.36938
      vertex -1.06246 -2.50331 -0.22193
      vertex -0.80329 -1.91669 -1.22311
    endloop
  endfacet
  facet normal 0.278142 0.705681 0.651653
    outer loop
      vertex -2.94661 -1.86027 -0.36938
      vertex -0.80329 -1.91669 -1.22311
      vertex -2.10656 -1.34681 -1.28396
    endloop
  endfacet
  facet normal 0.019730 0.830408 0.556807
    outer loop
      vertex -1.06246 -2.50331 -0.22193
      vertex 1.04851 -2.47044 -0.34575
      vertex 0.74736 -1.78325 -1.35994
    endloop
  endfacet
  facet normal -0.030435 0.865818 0.499432
    outer loop
      vertex -1.06246 -2.50331 -0.22193
      vertex 0.74736 -1.78325 -1.35994
      vertex -0.80329 -1.91669 -1.22311
    endloop
  endfacet
  facet normal -0.214181 0.790633 0.573609
    outer loop
      vertex 1.04851 -2.47044 -0.34575
      vertex 3.08127 -1.94529 -0.31059
      vertex 2.33009 -1.48973 -1.21900
    endloop
  endfacet
  facet normal -0.197748 0.783244 0.589427
    outer loop
      vertex 1.04851 -2.47044 -0.34575
      vertex 2.33009 -1.48973 -1.21900
      vertex 0.74736 -1.78325 -1.35994
    endloop
  endfacet
  facet normal -0.610794 0.344355 0.712987
    outer loop
      vertex 3.08127 -1.94529 -0.31059
      vertex 3.89091 -0.65820 -0.23863
      vertex 2.76740 -0.47409 -1.29003
    endloop
  endfacet
  facet normal -0.642258 0.325091 0.694133
    outer loop
      vertex 3.08127 -1.94529 -0.31059
      vertex 2.76740 -0.47409 -1.29003
      vertex 2.33009 -1.48973 -1.21900
    endloop
  endfacet
  facet normal -0.673872 0.191692 0.713548
    outer loop
      vertex 3.89091 -0.65820 -0.23863
      vertex 4.29093 0.72587 -0.23268
      vertex 3.20886 0.54972 -1.20726
    endloop
  endfacet
  facet normal -0.647083 0.220003 0.729988
    outer loop
      vertex 3.89091 -0.65820 -0.23863
      vertex 3.20886 0.54972 -1.20726
      vertex 2.76740 -0.47409 -1.29003
    endloop
  endfacet
  facet normal -0.432103 -0.553572 0.711930
    outer loop
      vertex 3.20886 0.54972 -1.20726
      vertex 2.01632 1.28912 -1.35613
      vertex 1.16331 0.76446 -2.28182
    endloop
  endfacet
  facet normal -0.435746 -0.537276 0.722122
    outer loop
      vertex 3.20886 0.54972 -1.20726
      vertex 1.16331 0.76446 -2.28182
      vertex 1.82979 0.32219 -2.20871
    endloop
  endfacet
  facet normal -0.285107 -0.660468 0.694619
    outer loop
      vertex 2.01632 1.28912 -1.35613
      vertex 0.80957 1.93168 -1.24047
      vertex 0.46287 1.13518 -2.14012
    endloop
  endfacet
  facet normal -0.252721 -0.723180 0.642762
    outer loop
      vertex 2.01632 1.28912 -1.35613
      vertex 0.46287 1.13518 -2.14012
      vertex 1.16331 0.76446 -2.28182
    endloop
  endfacet
  facet normal 0.038182 -0.796496 0.603437
    outer loop
      vertex 0.80957 1.93168 -1.24047
      vertex -0.77093 1.83948 -1.26217
      vertex -0.44326 1.08710 -2.27599
    endloop
  endfacet
  facet normal -0.062191 -0.735258 0.674928
    outer loop
      vertex 0.80957 1.93168 -1.24047
      vertex -0.44326 1.08710 -2.27599
      vertex 0.46287 1.13518 -2.14012
    endloop
  endfacet
  facet normal 0.145031 -0.731446 0.666298
    outer loop
      vertex -0.77093 1.83948 -1.26217
      vertex -2.28758 1.46255 -1.34583
      vertex -1.31195 0.86214 -2.21731
    endloop
  endfacet
  facet normal 0.234712 -0.742757 0.627074
    outer loop
      vertex -0.77093 1.83948 -1.26217
      vertex -1.31195 0.86214 -2.21731
      vertex -0.44326 1.08710 -2.27599
    endloop
  endfacet
  facet normal 0.623681 -0.140947 0.768867
    outer loop
      vertex -2.28758 1.46255 -1.34583
      vertex -2.69270 0.46129 -1.20075
      vertex -1.54316 0.27172 -2.16798
    endloop
  endfacet
  facet normal 0.597059 -0.168277 0.784349
    outer loop
      vertex -2.28758 1.46255 -1.34583
      vertex -1.54316 0.27172 -2.16798
      vertex -1.31195 0.86214 -2.21731
    endloop
  endfacet
  facet normal 0.587425 -0.354941 0.727289
    outer loop
      vertex -2.69270 0.46129 -1.20075
      vertex -3.13458 -0.53699 -1.33105
      vertex -1.80301 -0.31748 -2.29941
    endloop
  endfacet
  facet normal 0.548593 -0.405099 0.731397
    outer loop
      vertex -2.69270 0.46129 -1.20075
      vertex -1.80301 -0.31748 -2.29941
      vertex -1.54316 0.27172 -2.16798
    endloop
  endfacet
  facet normal 0.389616 0.538052 0.747462
    outer loop
      vertex -3.13458 -0.53699 -1.33105
      vertex -2.10656 -1.34681 -1.28396
      vertex -1.20347 -0.79085 -2.15491
    endloop
  endfacet
  facet normal 0.365856 0.662809 0.653326
    outer loop
      vertex -3.13458 -0.53699 -1.33105
      vertex -1.20347 -0.79085 -2.15491
      vertex -1.80301 -0.31748 -2.29941
    endloop
  endfacet
  facet normal 0.281545 0.712507 0.642702
    outer loop
      vertex -2.10656 -1.34681 -1.28396
      vertex -0.80329 -1.91669 -1.22311
      vertex -0.46351 -1.13676 -2.23659
    endloop
  endfacet
  facet normal 0.352053 0.579527 0.734988
    outer loop
      vertex -2.10656 -1.34681 -1.28396
      vertex -0.46351 -1.13676 -2.23659
      vertex -1.20347 -0.79085 -2.15491
    endloop
  endfacet
  facet normal -0.010151 0.770962 0.636800
    outer loop
      vertex -0.80329 -1.91669 -1.22311
      vertex 0.74736 -1.78325 -1.35994
      vertex 0.42550 -1.04354 -2.26063
    endloop
  endfacet
  facet normal -0.067988 0.801553 0.594045
    outer loop
      vertex -0.80329 -1.91669 -1.22311
      vertex 0.42550 -1.04354 -2.26063
      vertex -0.46351 -1.13676 -2.23659
    endloop
  endfacet
  facet normal -0.192480 0.715289 0.671798
    outer loop
      vertex 0.74736 -1.78325 -1.35994
      vertex 2.33009 -1.48973 -1.21900
      vertex 1.34788 -0.88575 -2.14349
    endloop
  endfacet
  facet normal -0.207227 0.718395 0.664053
    outer loop
      vertex 0.74736 -1.78325 -1.35994
      vertex 1.34788 -0.88575 -2.14349
      vertex 0.42550 -1.04354 -2.26063
    endloop
  endfacet
  facet normal -0.581769 0.303281 0.754695
    outer loop
      vertex 2.33009 -1.48973 -1.21900
      vertex 2.76740 -0.47409 -1.29003
      vertex 1.57034 -0.27651 -2.29220
    endloop
  endfacet
  facet normal -0.503305 0.373929 0.779013
    outer loop
      vertex 2.33009 -1.48973 -1.21900
      vertex 1.57034 -0.27651 -2.29220
      vertex 1.34788 -0.88575 -2.14349
    endloop
  endfacet
  facet normal -0.597177 0.194590 0.778148
    outer loop
      vertex 2.76740 -0.47409 -1.29003
      vertex 3.20886 0.54972 -1.20726
      vertex 1.82979 0.32219 -2.20871
    endloop
  endfacet
  facet normal -0.617913 0.160434 0.769705
    outer loop
      vertex 2.76740 -0.47409 -1.29003
      vertex 1.82979 0.32219 -2.20871
      vertex 1.57034 -0.27651 -2.29220
    endloop
  endfacet
  facet normal 0.352356 0.390379 -0.850558
    outer loop
      vertex 0.15000 -0.06000 -3.08000
      vertex 1.16331 0.76446 -2.28182
      vertex 1.82979 0.32219 -2.20871
    endloop
  endfacet
  facet normal 0.149524 0.586722 -0.795865
    outer loop
      vertex 0.15000 -0.06000 -3.08000
      vertex 0.46287 1.13518 -2.14012
      vertex 1.16331 0.76446 -2.28182
    endloop
  endfacet
  facet normal 0.087141 0.601606 -0.794026
    outer loop
      vertex 0.15000 -0.06000 -3.08000
      vertex -0.44326 1.08710 -2.27599
      vertex 0.46287 1.13518 -2.14012
    endloop
  endfacet
  facet normal -0.186089 0.497580 -0.847222
    outer loop
      vertex 0.15000 -0.06000 -3.08000
      vertex -1.31195 0.86214 -2.21731
      vertex -0.44326 1.08710 -2.27599
    endloop
  endfacet
  facet normal -0.455670 0.104582 -0.883984
    outer loop
      vertex 0.15000 -0.06000 -3.08000
      vertex -1.54316 0.27172 -2.16798
      vertex -1.31195 0.86214 -2.21731
    endloop
  endfacet
  facet normal -0.386792 0.359977 -0.849005
    outer loop
      vertex 0.15000 -0.06000 -3.08000
      vertex -1.80301 -0.31748 -2.29941
      vertex -1.54316 0.27172 -2.16798
    endloop
  endfacet
  facet normal -0.245162 -0.553488 -0.795957
    outer loop
      vertex 0.15000 -0.06000 -3.08000
      vertex -1.20347 -0.79085 -2.15491
      vertex -1.80301 -0.31748 -2.29941
    endloop
  endfacet
  facet normal -0.310891 -0.469956 -0.826129
    outer loop
      vertex 0.15000 -0.06000 -3.08000
      vertex -0.46351 -1.13676 -2.23659
      vertex -1.20347 -0.79085 -2.15491
    endloop
  endfacet
  facet normal 0.045336 -0.631886 -0.773735
    outer loop
      vertex 0.15000 -0.06000 -3.08000
      vertex 0.42550 -1.04354 -2.26063
      vertex -0.46351 -1.13676 -2.23659
    endloop
  endfacet
  facet normal 0.200505 -0.593310 -0.779603
    outer loop
      vertex 0.15000 -0.06000 -3.08000
      vertex 1.34788 -0.88575 -2.14349
      vertex 0.42550 -1.04354 -2.26063
    endloop
  endfacet
  facet normal 0.411445 -0.355128 -0.839403
    outer loop
      vertex 0.15000 -0.06000 -3.08000
      vertex 1.57034 -0.27651 -2.29220
      vertex 1.34788 -0.88575 -2.14349
    endloop
  endfacet
  facet normal 0.473663 -0.082989 -0.876787
    outer loop
      vertex 0.15000 -0.06000 -3.08000
      vertex 1.82979 0.32219 -2.20871
      vertex 1.57034 -0.27651 -2.29220
    endloop
  endfacet
  facet normal 0.014018 -0.017127 0.999755
    outer loop
      vertex 0.00000 0.00000 0.40000
      vertex 4.49880 0.76345 0.35000
      vertex 3.82603 1.38026 0.37000
    endloop
  endfacet
  facet normal 0.019898 -0.033438 0.999243
    outer loop
      vertex 0.00000 0.00000 0.40000
      vertex 3.82603 1.38026 0.37000
      vertex 3.15325 1.99706 0.40404
    endloop
  endfacet
  facet normal -0.022526 0.033548 0.999183
    outer loop
      vertex 0.00000 0.00000 0.40000
      vertex 3.15325 1.99706 0.40404
      vertex 2.14019 2.33058 0.37000
    endloop
  endfacet
  facet normal -0.071896 0.078822 0.994293
    outer loop
      vertex 0.00000 0.00000 0.40000
      vertex 2.14019 2.33058 0.37000
      vertex 1.12712 2.66410 0.27031
    endloop
  endfacet
  facet normal 0.086084 0.012077 0.996215
    outer loop
      vertex 0.00000 0.00000 0.40000
      vertex 1.12712 2.66410 0.27031
      vertex -0.03978 2.75813 0.37000
    endloop
  endfacet
  facet normal 0.038163 0.011419 0.999206
    outer loop
      vertex 0.00000 0.00000 0.40000
      vertex -0.03978 2.75813 0.37000
      vertex -1.20668 2.85216 0.41349
    endloop
  endfacet
  facet normal -0.035624 -0.019799 0.999169
    outer loop
      vertex 0.00000 0.00000 0.40000
      vertex -1.20668 2.85216 0.41349
      vertex -2.19383 2.43339 0.37000
    endloop
  endfacet
  facet normal -0.028643 -0.013501 0.999499
    outer loop
      vertex 0.00000 0.00000 0.40000
      vertex -2.19383 2.43339 0.37000
      vertex -3.18098 2.01462 0.33605
    endloop
  endfacet
  facet normal 0.008619 0.045316 0.998936
    outer loop
      vertex 0.00000 0.00000 0.40000
      vertex -3.18098 2.01462 0.33605
      vertex -3.71265 1.36744 0.37000
    endloop
  endfacet
  facet normal -0.033596 -0.069342 0.997027
    outer loop
      vertex 0.00000 0.00000 0.40000
      vertex -3.71265 1.36744 0.37000
      vertex -4.24432 0.72027 0.30707
    endloop
  endfacet
  facet normal -0.007133 0.086495 0.996227
    outer loop
      vertex 0.00000 0.00000 0.40000
      vertex -4.24432 0.72027 0.30707
      vertex -4.29590 -0.00875 0.37000
    endloop
  endfacet
  facet normal -0.007122 0.078791 0.996866
    outer loop
      vertex 0.00000 0.00000 0.40000
      vertex -4.29590 -0.00875 0.37000
      vertex -4.34749 -0.73777 0.42725
    endloop
  endfacet
  facet normal 0.018149 -0.070107 0.997374
    outer loop
      vertex 0.00000 0.00000 0.40000
      vertex -4.34749 -0.73777 0.42725
      vertex -3.83121 -1.41862 0.37000
    endloop
  endfacet
  facet normal 0.032321 -0.108301 0.993593
    outer loop
      vertex 0.00000 0.00000 0.40000
      vertex -3.83121 -1.41862 0.37000
      vertex -3.31494 -2.09946 0.27899
    endloop
  endfacet
  facet normal -0.069746 0.052710 0.996171
    outer loop
      vertex 0.00000 0.00000 0.40000
      vertex -3.31494 -2.09946 0.27899
      vertex -2.21154 -2.35935 0.37000
    endloop
  endfacet
  facet normal -0.007995 -0.005221 0.999954
    outer loop
      vertex 0.00000 0.00000 0.40000
      vertex -2.21154 -2.35935 0.37000
      vertex -1.10815 -2.61925 0.37747
    endloop
  endfacet
  facet normal 0.005695 -0.011012 0.999923
    outer loop
      vertex 0.00000 0.00000 0.40000
      vertex -1.10815 -2.61925 0.37747
      vertex 0.03636 -2.70518 0.37000
    endloop
  endfacet
  facet normal -0.010016 -0.011223 0.999887
    outer loop
      vertex 0.00000 0.00000 0.40000
      vertex 0.03636 -2.70518 0.37000
      vertex 1.18086 -2.79112 0.38050
    endloop
  endfacet
  facet normal 0.011129 -0.002278 0.999935
    outer loop
      vertex 0.00000 0.00000 0.40000
      vertex 1.18086 -2.79112 0.38050
      vertex 2.20112 -2.41566 0.37000
    endloop
  endfacet
  facet normal 0.071002 0.052325 0.996103
    outer loop
      vertex 0.00000 0.00000 0.40000
      vertex 2.20112 -2.41566 0.37000
      vertex 3.22138 -2.04021 0.27755
    endloop
  endfacet
  facet normal -0.033151 -0.111950 0.993161
    outer loop
      vertex 0.00000 0.00000 0.40000
      vertex 3.22138 -2.04021 0.27755
      vertex 3.80172 -1.39192 0.37000
    endloop
  endfacet
  facet normal -0.017975 -0.070589 0.997344
    outer loop
      vertex 0.00000 0.00000 0.40000
      vertex 3.80172 -1.39192 0.37000
      vertex 4.38206 -0.74364 0.42634
    endloop
  endfacet
  facet normal 0.006572 0.074054 0.997233
    outer loop
      vertex 0.00000 0.00000 0.40000
      vertex 4.38206 -0.74364 0.42634
      vertex 4.44043 0.00991 0.37000
    endloop
  endfacet
  facet normal 0.006696 0.026013 0.999639
    outer loop
      vertex 0.00000 0.00000 0.40000
      vertex 4.44043 0.00991 0.37000
      vertex 4.49880 0.76345 0.35000
    endloop
  endfacet
  facet normal 0.000000 -1.000000 0.000000
    outer loop
      vertex -0.01000 -0.12000 0.43000
      vertex 0.28000 -0.12000 0.43000
      vertex 0.28000 -0.12000 2.52000
    endloop
  endfacet
  facet normal 0.000000 -1.000000 0.000000
    outer loop
      vertex -0.01000 -0.12000 0.43000
      vertex 0.28000 -0.12000 2.52000
      vertex -0.01000 -0.12000 2.52000
    endloop
  endfacet
  facet normal 0.000000 -1.000000 0.000000
    outer loop
      vertex 0.28000 0.36000 0.43000
      vertex 0.28000 0.36000 2.52000
      vertex -0.01000 0.36000 2.52000
    endloop
  endfacet
  facet normal 0.000000 -1.000000 0.000000
    outer loop
      vertex 0.28000 0.36000 0.43000
      vertex -0.01000 0.36000 2.52000
      vertex -0.01000 0.36000 0.43000
    endloop
  endfacet
  facet normal 1.000000 0.000000 0.000000
    outer loop
      vertex -0.01000 -0.12000 0.43000
      vertex -0.01000 0.36000 0.43000
      vertex -0.01000 0.36000 2.52000
    endloop
  endfacet
  facet normal 1.000000 0.000000 0.000000
    outer loop
      vertex -0.01000 -0.12000 0.43000
      vertex -0.01000 0.36000 2.52000
      vertex -0.01000 -0.12000 2.52000
    endloop
  endfacet
  facet normal -1.000000 0.000000 0.000000
    outer loop
      vertex 0.28000 -0.12000 0.43000
      vertex 0.28000 -0.12000 2.52000
      vertex 0.28000 0.36000 2.52000
    endloop
  endfacet
  facet normal -1.000000 0.000000 0.000000
    outer loop
      vertex 0.28000 -0.12000 0.43000
      vertex 0.28000 0.36000 2.52000
      vertex 0.28000 0.36000 0.43000
    endloop
  endfacet
  facet normal 0.000000 -1.000000 0.000000
    outer loop
      vertex -0.01000 -0.12000 2.52000
      vertex 0.28000 -0.12000 2.52000
      vertex 0.30624 -0.12000 2.71929
    endloop
  endfacet
  facet normal 0.000000 -1.000000 0.000000
    outer loop
      vertex -0.01000 -0.12000 2.52000
      vertex 0.30624 -0.12000 2.71929
      vertex 0.02612 -0.12000 2.79435
    endloop
  endfacet
  facet normal 0.000000 -1.000000 0.000000
    outer loop
      vertex 0.28000 0.36000 2.52000
      vertex 0.30624 0.36000 2.71929
      vertex 0.02612 0.36000 2.79435
    endloop
  endfacet
  facet normal 0.000000 -1.000000 0.000000
    outer loop
      vertex 0.28000 0.36000 2.52000
      vertex 0.02612 0.36000 2.79435
      vertex -0.01000 0.36000 2.52000
    endloop
  endfacet
  facet normal 0.991445 0.000000 -0.130526
    outer loop
      vertex -0.01000 -0.12000 2.52000
      vertex -0.01000 0.36000 2.52000
      vertex 0.02612 0.36000 2.79435
    endloop
  endfacet
  facet normal 0.991445 0.000000 -0.130526
    outer loop
      vertex -0.01000 -0.12000 2.52000
      vertex 0.02612 0.36000 2.79435
      vertex 0.02612 -0.12000 2.79435
    endloop
  endfacet
  facet normal -0.991445 0.000000 0.130526
    outer loop
      vertex 0.28000 -0.12000 2.52000
      vertex 0.30624 -0.12000 2.71929
      vertex 0.30624 0.36000 2.71929
    endloop
  endfacet
  facet normal -0.991445 0.000000 0.130526
    outer loop
      vertex 0.28000 -0.12000 2.52000
      vertex 0.30624 0.36000 2.71929
      vertex 0.28000 0.36000 2.52000
    endloop
  endfacet
  facet normal 0.000000 -1.000000 0.000000
    outer loop
      vertex 0.02612 -0.12000 2.79435
      vertex 0.30624 -0.12000 2.71929
      vertex 0.38316 -0.12000 2.90500
    endloop
  endfacet
  facet normal 0.000000 -1.000000 0.000000
    outer loop
      vertex 0.02612 -0.12000 2.79435
      vertex 0.38316 -0.12000 2.90500
      vertex 0.13201 -0.12000 3.05000
    endloop
  endfacet
  facet normal 0.000000 -1.000000 0.000000
    outer loop
      vertex 0.30624 0.36000 2.71929
      vertex 0.38316 0.36000 2.90500
      vertex 0.13201 0.36000 3.05000
    endloop
  endfacet
  facet normal 0.000000 -1.000000 0.000000
    outer loop
      vertex 0.30624 0.36000 2.71929
      vertex 0.13201 0.36000 3.05000
      vertex 0.02612 0.36000 2.79435
    endloop
  endfacet
  facet normal 0.923880 0.000000 -0.382683
    outer loop
      vertex 0.02612 -0.12000 2.79435
      vertex 0.02612 0.36000 2.79435
      vertex 0.13201 0.36000 3.05000
    endloop
  endfacet
  facet normal 0.923880 0.000000 -0.382683
    outer loop
      vertex 0.02612 -0.12000 2.79435
      vertex 0.13201 0.36000 3.05000
      vertex 0.13201 -0.12000 3.05000
    endloop
  endfacet
  facet normal -0.923880 0.000000 0.382683
    outer loop
      vertex 0.30624 -0.12000 2.71929
      vertex 0.38316 -0.12000 2.90500
      vertex 0.38316 0.36000 2.90500
    endloop
  endfacet
  facet normal -0.923880 0.000000 0.382683
    outer loop
      vertex 0.30624 -0.12000 2.71929
      vertex 0.38316 0.36000 2.90500
      vertex 0.30624 0.36000 2.71929
    endloop
  endfacet
  facet normal 0.000000 -1.000000 0.000000
    outer loop
      vertex 0.13201 -0.12000 3.05000
      vertex 0.38316 -0.12000 2.90500
      vertex 0.50553 -0.12000 3.06447
    endloop
  endfacet
  facet normal 0.000000 -1.000000 0.000000
    outer loop
      vertex 0.13201 -0.12000 3.05000
      vertex 0.50553 -0.12000 3.06447
      vertex 0.30047 -0.12000 3.26953
    endloop
  endfacet
  facet normal 0.000000 -1.000000 0.000000
    outer loop
      vertex 0.38316 0.36000 2.90500
      vertex 0.50553 0.36000 3.06447
      vertex 0.30047 0.36000 3.26953
    endloop
  endfacet
  facet normal 0.000000 -1.000000 0.000000
    outer loop
      vertex 0.38316 0.36000 2.90500
      vertex 0.30047 0.36000 3.26953
      vertex 0.13201 0.36000 3.05000
    endloop
  endfacet
  facet normal 0.793353 0.000000 -0.608761
    outer loop
      vertex 0.13201 -0.12000 3.05000
      vertex 0.13201 0.36000 3.05000
      vertex 0.30047 0.36000 3.26953
    endloop
  endfacet
  facet normal 0.793353 0.000000 -0.608761
    outer loop
      vertex 0.13201 -0.12000 3.05000
      vertex 0.30047 0.36000 3.26953
      vertex 0.30047 -0.12000 3.26953
    endloop
  endfacet
  facet normal -0.793353 0.000000 0.608761
    outer loop
      vertex 0.38316 -0.12000 2.90500
      vertex 0.50553 -0.12000 3.06447
      vertex 0.50553 0.36000 3.06447
    endloop
  endfacet
  facet normal -0.793353 0.000000 0.608761
    outer loop
      vertex 0.38316 -0.12000 2.90500
      vertex 0.50553 0.36000 3.06447
      vertex 0.38316 0.36000 2.90500
    endloop
  endfacet
  facet normal 0.000000 -1.000000 0.000000
    outer loop
      vertex 0.30047 -0.12000 3.26953
      vertex 0.50553 -0.12000 3.06447
      vertex 0.66500 -0.12000 3.18684
    endloop
  endfacet
  facet normal 0.000000 -1.000000 0.000000
    outer loop
      vertex 0.30047 -0.12000 3.26953
      vertex 0.66500 -0.12000 3.18684
      vertex 0.52000 -0.12000 3.43799
    endloop
  endfacet
  facet normal 0.000000 -1.000000 0.000000
    outer loop
      vertex 0.50553 0.36000 3.06447
      vertex 0.66500 0.36000 3.18684
      vertex 0.52000 0.36000 3.43799
    endloop
  endfacet
  facet normal 0.000000 -1.000000 0.000000
    outer loop
      vertex 0.50553 0.36000 3.06447
      vertex 0.52000 0.36000 3.43799
      vertex 0.30047 0.36000 3.26953
    endloop
  endfacet
  facet normal 0.608761 0.000000 -0.793353
    outer loop
      vertex 0.30047 -0.12000 3.26953
      vertex 0.30047 0.36000 3.26953
      vertex 0.52000 0.36000 3.43799
    endloop
  endfacet
  facet normal 0.608761 0.000000 -0.793353
    outer loop
      vertex 0.30047 -0.12000 3.26953
      vertex 0.52000 0.36000 3.43799
      vertex 0.52000 -0.12000 3.43799
    endloop
  endfacet
  facet normal -0.608761 0.000000 0.793353
    outer loop
      vertex 0.50553 -0.12000 3.06447
      vertex 0.66500 -0.12000 3.18684
      vertex 0.66500 0.36000 3.18684
    endloop
  endfacet
  facet normal -0.608761 0.000000 0.793353
    outer loop
      vertex 0.50553 -0.12000 3.06447
      vertex 0.66500 0.36000 3.18684
      vertex 0.50553 0.36000 3.06447
    endloop
  endfacet
  facet normal 0.000000 -1.000000 0.000000
    outer loop
      vertex 0.52000 -0.12000 3.43799
      vertex 0.66500 -0.12000 3.18684
      vertex 0.85071 -0.12000 3.26376
    endloop
  endfacet
  facet normal 0.000000 -1.000000 0.000000
    outer loop
      vertex 0.52000 -0.12000 3.43799
      vertex 0.85071 -0.12000 3.26376
      vertex 0.77565 -0.12000 3.54388
    endloop
  endfacet
  facet normal 0.000000 -1.000000 0.000000
    outer loop
      vertex 0.66500 0.36000 3.18684
      vertex 0.85071 0.36000 3.26376
      vertex 0.77565 0.36000 3.54388
    endloop
  endfacet
  facet normal 0.000000 -1.000000 0.000000
    outer loop
      vertex 0.66500 0.36000 3.18684
      vertex 0.77565 0.36000 3.54388
      vertex 0.52000 0.36000 3.43799
    endloop
  endfacet
  facet normal 0.382683 0.000000 -0.923880
    outer loop
      vertex 0.52000 -0.12000 3.43799
      vertex 0.52000 0.36000 3.43799
      vertex 0.77565 0.36000 3.54388
    endloop
  endfacet
  facet normal 0.382683 0.000000 -0.923880
    outer loop
      vertex 0.52000 -0.12000 3.43799
      vertex 0.77565 0.36000 3.54388
      vertex 0.77565 -0.12000 3.54388
    endloop
  endfacet
  facet normal -0.382683 0.000000 0.923880
    outer loop
      vertex 0.66500 -0.12000 3.18684
      vertex 0.85071 -0.12000 3.26376
      vertex 0.85071 0.36000 3.26376
    endloop
  endfacet
  facet normal -0.382683 0.000000 0.923880
    outer loop
      vertex 0.66500 -0.12000 3.18684
      vertex 0.85071 0.36000 3.26376
      vertex 0.66500 0.36000 3.18684
    endloop
  endfacet
  facet normal 0.000000 -1.000000 0.000000
    outer loop
      vertex 0.77565 -0.12000 3.54388
      vertex 0.85071 -0.12000 3.26376
      vertex 1.05000 -0.12000 3.29000
    endloop
  endfacet
  facet normal 0.000000 -1.000000 0.000000
    outer loop
      vertex 0.77565 -0.12000 3.54388
      vertex 1.05000 -0.12000 3.29000
      vertex 1.05000 -0.12000 3.58000
    endloop
  endfacet
  facet normal 0.000000 -1.000000 0.000000
    outer loop
      vertex 0.85071 0.36000 3.26376
      vertex 1.05000 0.36000 3.29000
      vertex 1.05000 0.36000 3.58000
    endloop
  endfacet
  facet normal 0.000000 -1.000000 0.000000
    outer loop
      vertex 0.85071 0.36000 3.26376
      vertex 1.05000 0.36000 3.58000
      vertex 0.77565 0.36000 3.54388
    endloop
  endfacet
  facet normal 0.130526 0.000000 -0.991445
    outer loop
      vertex 0.77565 -0.12000 3.54388
      vertex 0.77565 0.36000 3.54388
      vertex 1.05000 0.36000 3.58000
    endloop
  endfacet
  facet normal 0.130526 0.000000 -0.991445
    outer loop
      vertex 0.77565 -0.12000 3.54388
      vertex 1.05000 0.36000 3.58000
      vertex 1.05000 -0.12000 3.58000
    endloop
  endfacet
  facet normal -0.130526 0.000000 0.991445
    outer loop
      vertex 0.85071 -0.12000 3.26376
      vertex 1.05000 -0.12000 3.29000
      vertex 1.05000 0.36000 3.29000
    endloop
  endfacet
  facet normal -0.130526 0.000000 0.991445
    outer loop
      vertex 0.85071 -0.12000 3.26376
      vertex 1.05000 0.36000 3.29000
      vertex 0.85071 0.36000 3.26376
    endloop
  endfacet
  facet normal 0.000000 -1.000000 0.000000
    outer loop
      vertex 1.05000 -0.12000 3.58000
      vertex 1.05000 -0.12000 3.29000
      vertex 1.24929 -0.12000 3.26376
    endloop
  endfacet
  facet normal 0.000000 -1.000000 0.000000
    outer loop
      vertex 1.05000 -0.12000 3.58000
      vertex 1.24929 -0.12000 3.26376
      vertex 1.32435 -0.12000 3.54388
    endloop
  endfacet
  facet normal 0.000000 -1.000000 0.000000
    outer loop
      vertex 1.05000 0.36000 3.29000
      vertex 1.24929 0.36000 3.26376
      vertex 1.32435 0.36000 3.54388
    endloop
  endfacet
  facet normal 0.000000 -1.000000 0.000000
    outer loop
      vertex 1.05000 0.36000 3.29000
      vertex 1.32435 0.36000 3.54388
      vertex 1.05000 0.36000 3.58000
    endloop
  endfacet
  facet normal -0.130526 0.000000 -0.991445
    outer loop
      vertex 1.05000 -0.12000 3.58000
      vertex 1.05000 0.36000 3.58000
      vertex 1.32435 0.36000 3.54388
    endloop
  endfacet
  facet normal -0.130526 0.000000 -0.991445
    outer loop
      vertex 1.05000 -0.12000 3.58000
      vertex 1.32435 0.36000 3.54388
      vertex 1.32435 -0.12000 3.54388
    endloop
  endfacet
  facet normal 0.130526 0.000000 0.991445
    outer loop
      vertex 1.05000 -0.12000 3.29000
      vertex 1.24929 -0.12000 3.26376
      vertex 1.24929 0.36000 3.26376
    endloop
  endfacet
  facet normal 0.130526 -0.000000 0.991445
    outer loop
      vertex 1.05000 -0.12000 3.29000
      vertex 1.24929 0.36000 3.26376
      vertex 1.05000 0.36000 3.29000
    endloop
  endfacet
  facet normal 0.000000 -1.000000 -0.000000
    outer loop
      vertex 1.32435 -0.12000 3.54388
      vertex 1.24929 -0.12000 3.26376
      vertex 1.43500 -0.12000 3.18684
    endloop
  endfacet
  facet normal 0.000000 -1.000000 0.000000
    outer loop
      vertex 1.32435 -0.12000 3.54388
      vertex 1.43500 -0.12000 3.18684
      vertex 1.58000 -0.12000 3.43799
    endloop
  endfacet
  facet normal 0.000000 -1.000000 0.000000
    outer loop
      vertex 1.24929 0.36000 3.26376
      vertex 1.43500 0.36000 3.18684
      vertex 1.58000 0.36000 3.43799
    endloop
  endfacet
  facet normal 0.000000 -1.000000 0.000000
    outer loop
      vertex 1.24929 0.36000 3.26376
      vertex 1.58000 0.36000 3.43799
      vertex 1.32435 0.36000 3.54388
    endloop
  endfacet
  facet normal -0.382683 0.000000 -0.923880
    outer loop
      vertex 1.32435 -0.12000 3.54388
      vertex 1.32435 0.36000 3.54388
      vertex 1.58000 0.36000 3.43799
    endloop
  endfacet
  facet normal -0.382683 0.000000 -0.923880
    outer loop
      vertex 1.32435 -0.12000 3.54388
      vertex 1.58000 0.36000 3.43799
      vertex 1.58000 -0.12000 3.43799
    endloop
  endfacet
  facet normal 0.382683 0.000000 0.923880
    outer loop
      vertex 1.24929 -0.12000 3.26376
      vertex 1.43500 -0.12000 3.18684
      vertex 1.43500 0.36000 3.18684
    endloop
  endfacet
  facet normal 0.382683 -0.000000 0.923880
    outer loop
      vertex 1.24929 -0.12000 3.26376
      vertex 1.43500 0.36000 3.18684
      vertex 1.24929 0.36000 3.26376
    endloop
  endfacet
  facet normal 0.000000 -1.000000 -0.000000
    outer loop
      vertex 1.58000 -0.12000 3.43799
      vertex 1.43500 -0.12000 3.18684
      vertex 1.59447 -0.12000 3.06447
    endloop
  endfacet
  facet normal 0.000000 -1.000000 0.000000
    outer loop
      vertex 1.58000 -0.12000 3.43799
      vertex 1.59447 -0.12000 3.06447
      vertex 1.79953 -0.12000 3.26953
    endloop
  endfacet
  facet normal 0.000000 -1.000000 0.000000
    outer loop
      vertex 1.43500 0.36000 3.18684
      vertex 1.59447 0.36000 3.06447
      vertex 1.79953 0.36000 3.26953
    endloop
  endfacet
  facet normal 0.000000 -1.000000 0.000000
    outer loop
      vertex 1.43500 0.36000 3.18684
      vertex 1.79953 0.36000 3.26953
      vertex 1.58000 0.36000 3.43799
    endloop
  endfacet
  facet normal -0.608761 0.000000 -0.793353
    outer loop
      vertex 1.58000 -0.12000 3.43799
      vertex 1.58000 0.36000 3.43799
      vertex 1.79953 0.36000 3.26953
    endloop
  endfacet
  facet normal -0.608761 0.000000 -0.793353
    outer loop
      vertex 1.58000 -0.12000 3.43799
      vertex 1.79953 0.36000 3.26953
      vertex 1.79953 -0.12000 3.26953
    endloop
  endfacet
  facet normal 0.608761 0.000000 0.793353
    outer loop
      vertex 1.43500 -0.12000 3.18684
      vertex 1.59447 -0.12000 3.06447
      vertex 1.59447 0.36000 3.06447
    endloop
  endfacet
  facet normal 0.608761 -0.000000 0.793353
    outer loop
      vertex 1.43500 -0.12000 3.18684
      vertex 1.59447 0.36000 3.06447
      vertex 1.43500 0.36000 3.18684
    endloop
  endfacet
  facet normal 0.000000 -1.000000 0.000000
    outer loop
      vertex 1.79953 -0.12000 3.26953
      vertex 1.59447 -0.12000 3.06447
      vertex 1.71684 -0.12000 2.90500
    endloop
  endfacet
  facet normal 0.000000 -1.000000 -0.000000
    outer loop
      vertex 1.79953 -0.12000 3.26953
      vertex 1.71684 -0.12000 2.90500
      vertex 1.96799 -0.12000 3.05000
    endloop
  endfacet
  facet normal 0.000000 -1.000000 0.000000
    outer loop
      vertex 1.59447 0.36000 3.06447
      vertex 1.71684 0.36000 2.90500
      vertex 1.96799 0.36000 3.05000
    endloop
  endfacet
  facet normal 0.000000 -1.000000 0.000000
    outer loop
      vertex 1.59447 0.36000 3.06447
      vertex 1.96799 0.36000 3.05000
      vertex 1.79953 0.36000 3.26953
    endloop
  endfacet
  facet normal -0.793353 0.000000 -0.608761
    outer loop
      vertex 1.79953 -0.12000 3.26953
      vertex 1.79953 0.36000 3.26953
      vertex 1.96799 0.36000 3.05000
    endloop
  endfacet
  facet normal -0.793353 0.000000 -0.608761
    outer loop
      vertex 1.79953 -0.12000 3.26953
      vertex 1.96799 0.36000 3.05000
      vertex 1.96799 -0.12000 3.05000
    endloop
  endfacet
  facet normal 0.793353 0.000000 0.608761
    outer loop
      vertex 1.59447 -0.12000 3.06447
      vertex 1.71684 -0.12000 2.90500
      vertex 1.71684 0.36000 2.90500
    endloop
  endfacet
  facet normal 0.793353 -0.000000 0.608761
    outer loop
      vertex 1.59447 -0.12000 3.06447
      vertex 1.71684 0.36000 2.90500
      vertex 1.59447 0.36000 3.06447
    endloop
  endfacet
  facet normal 0.000000 -1.000000 0.000000
    outer loop
      vertex 1.96799 -0.12000 3.05000
      vertex 1.71684 -0.12000 2.90500
      vertex 1.79376 -0.12000 2.71929
    endloop
  endfacet
  facet normal 0.000000 -1.000000 -0.000000
    outer loop
      vertex 1.96799 -0.12000 3.05000
      vertex 1.79376 -0.12000 2.71929
      vertex 2.07388 -0.12000 2.79435
    endloop
  endfacet
  facet normal 0.000000 -1.000000 0.000000
    outer loop
      vertex 1.71684 0.36000 2.90500
      vertex 1.79376 0.36000 2.71929
      vertex 2.07388 0.36000 2.79435
    endloop
  endfacet
  facet normal 0.000000 -1.000000 0.000000
    outer loop
      vertex 1.71684 0.36000 2.90500
      vertex 2.07388 0.36000 2.79435
      vertex 1.96799 0.36000 3.05000
    endloop
  endfacet
  facet normal -0.923880 0.000000 -0.382683
    outer loop
      vertex 1.96799 -0.12000 3.05000
      vertex 1.96799 0.36000 3.05000
      vertex 2.07388 0.36000 2.79435
    endloop
  endfacet
  facet normal -0.923880 0.000000 -0.382683
    outer loop
      vertex 1.96799 -0.12000 3.05000
      vertex 2.07388 0.36000 2.79435
      vertex 2.07388 -0.12000 2.79435
    endloop
  endfacet
  facet normal 0.923880 0.000000 0.382683
    outer loop
      vertex 1.71684 -0.12000 2.90500
      vertex 1.79376 -0.12000 2.71929
      vertex 1.79376 0.36000 2.71929
    endloop
  endfacet
  facet normal 0.923880 -0.000000 0.382683
    outer loop
      vertex 1.71684 -0.12000 2.90500
      vertex 1.79376 0.36000 2.71929
      vertex 1.71684 0.36000 2.90500
    endloop
  endfacet
  facet normal 0.000000 -1.000000 0.000000
    outer loop
      vertex 2.07388 -0.12000 2.79435
      vertex 1.79376 -0.12000 2.71929
      vertex 1.82000 -0.12000 2.52000
    endloop
  endfacet
  facet normal 0.000000 -1.000000 -0.000000
    outer loop
      vertex 2.07388 -0.12000 2.79435
      vertex 1.82000 -0.12000 2.52000
      vertex 2.11000 -0.12000 2.52000
    endloop
  endfacet
  facet normal 0.000000 -1.000000 0.000000
    outer loop
      vertex 1.79376 0.36000 2.71929
      vertex 1.82000 0.36000 2.52000
      vertex 2.11000 0.36000 2.52000
    endloop
  endfacet
  facet normal 0.000000 -1.000000 0.000000
    outer loop
      vertex 1.79376 0.36000 2.71929
      vertex 2.11000 0.36000 2.52000
      vertex 2.07388 0.36000 2.79435
    endloop
  endfacet
  facet normal -0.991445 0.000000 -0.130526
    outer loop
      vertex 2.07388 -0.12000 2.79435
      vertex 2.07388 0.36000 2.79435
      vertex 2.11000 0.36000 2.52000
    endloop
  endfacet
  facet normal -0.991445 0.000000 -0.130526
    outer loop
      vertex 2.07388 -0.12000 2.79435
      vertex 2.11000 0.36000 2.52000
      vertex 2.11000 -0.12000 2.52000
    endloop
  endfacet
  facet normal 0.991445 0.000000 0.130526
    outer loop
      vertex 1.79376 -0.12000 2.71929
      vertex 1.82000 -0.12000 2.52000
      vertex 1.82000 0.36000 2.52000
    endloop
  endfacet
  facet normal 0.991445 -0.000000 0.130526
    outer loop
      vertex 1.79376 -0.12000 2.71929
      vertex 1.82000 0.36000 2.52000
      vertex 1.79376 0.36000 2.71929
    endloop
  endfacet
  facet normal -0.000000 -1.000000 0.000000
    outer loop
      vertex 2.11000 -0.12000 2.52000
      vertex 1.82000 -0.12000 2.52000
      vertex 1.82000 -0.12000 0.43000
    endloop
  endfacet
  facet normal 0.000000 -1.000000 -0.000000
    outer loop
      vertex 2.11000 -0.12000 2.52000
      vertex 1.82000 -0.12000 0.43000
      vertex 2.11000 -0.12000 0.43000
    endloop
  endfacet
  facet normal 0.000000 -1.000000 0.000000
    outer loop
      vertex 1.82000 0.36000 2.52000
      vertex 1.82000 0.36000 0.43000
      vertex 2.11000 0.36000 0.43000
    endloop
  endfacet
  facet normal 0.000000 -1.000000 0.000000
    outer loop
      vertex 1.82000 0.36000 2.52000
      vertex 2.11000 0.36000 0.43000
      vertex 2.11000 0.36000 2.52000
    endloop
  endfacet
  facet normal -1.000000 0.000000 0.000000
    outer loop
      vertex 2.11000 -0.12000 2.52000
      vertex 2.11000 0.36000 2.52000
      vertex 2.11000 0.36000 0.43000
    endloop
  endfacet
  facet normal -1.000000 0.000000 0.000000
    outer loop
      vertex 2.11000 -0.12000 2.52000
      vertex 2.11000 0.36000 0.43000
      vertex 2.11000 -0.12000 0.43000
    endloop
  endfacet
  facet normal 1.000000 0.000000 0.000000
    outer loop
      vertex 1.82000 -0.12000 2.52000
      vertex 1.82000 -0.12000 0.43000
      vertex 1.82000 0.36000 0.43000
    endloop
  endfacet
  facet normal 1.000000 -0.000000 0.000000
    outer loop
      vertex 1.82000 -0.12000 2.52000
      vertex 1.82000 0.36000 0.43000
      vertex 1.82000 0.36000 2.52000
    endloop
  endfacet
  facet normal 0.000000 0.000000 1.000000
    outer loop
      vertex -0.01000 -0.12000 0.43000
      vertex 0.28000 -0.12000 0.43000
      vertex 0.28000 0.36000 0.43000
    endloop
  endfacet
  facet normal 0.000000 0.000000 1.000000
    outer loop
      vertex -0.01000 -0.12000 0.43000
      vertex 0.28000 0.36000 0.43000
      vertex -0.01000 0.36000 0.43000
    endloop
  endfacet
  facet normal 0.000000 0.000000 -1.000000
    outer loop
      vertex 2.11000 -0.12000 2.52000
      vertex 1.82000 -0.12000 2.52000
      vertex 1.82000 0.36000 2.52000
    endloop
  endfacet
  facet normal 0.000000 0.000000 -1.000000
    outer loop
      vertex 2.11000 -0.12000 2.52000
      vertex 1.82000 0.36000 2.52000
      vertex 2.11000 0.36000 2.52000
    endloop
  endfacet
  facet normal 0.639069 0.474385 0.605433
    outer loop
      vertex 1.05000 -0.19200 3.69580
      vertex 1.23000 -0.19200 3.50580
      vertex 1.14000 -0.07076 3.50580
    endloop
  endfacet
  facet normal 0.639069 0.474385 -0.605433
    outer loop
      vertex 1.05000 -0.19200 3.31580
      vertex 1.14000 -0.07076 3.50580
      vertex 1.23000 -0.19200 3.50580
    endloop
  endfacet
  facet normal 0.000000 0.842989 0.537931
    outer loop
      vertex 1.05000 -0.19200 3.69580
      vertex 1.14000 -0.07076 3.50580
      vertex 0.96000 -0.07076 3.50580
    endloop
  endfacet
  facet normal 0.000000 0.842989 -0.537931
    outer loop
      vertex 1.05000 -0.19200 3.31580
      vertex 0.96000 -0.07076 3.50580
      vertex 1.14000 -0.07076 3.50580
    endloop
  endfacet
  facet normal -0.639069 0.474385 0.605433
    outer loop
      vertex 1.05000 -0.19200 3.69580
      vertex 0.96000 -0.07076 3.50580
      vertex 0.87000 -0.19200 3.50580
    endloop
  endfacet
  facet normal -0.639069 0.474385 -0.605433
    outer loop
      vertex 1.05000 -0.19200 3.31580
      vertex 0.87000 -0.19200 3.50580
      vertex 0.96000 -0.07076 3.50580
    endloop
  endfacet
  facet normal -0.639069 -0.474385 0.605433
    outer loop
      vertex 1.05000 -0.19200 3.69580
      vertex 0.87000 -0.19200 3.50580
      vertex 0.96000 -0.31324 3.50580
    endloop
  endfacet
  facet normal -0.639069 -0.474385 -0.605433
    outer loop
      vertex 1.05000 -0.19200 3.31580
      vertex 0.96000 -0.31324 3.50580
      vertex 0.87000 -0.19200 3.50580
    endloop
  endfacet
  facet normal 0.000000 -0.842989 0.537931
    outer loop
      vertex 1.05000 -0.19200 3.69580
      vertex 0.96000 -0.31324 3.50580
      vertex 1.14000 -0.31324 3.50580
    endloop
  endfacet
  facet normal 0.000000 -0.842989 -0.537931
    outer loop
      vertex 1.05000 -0.19200 3.31580
      vertex 1.14000 -0.31324 3.50580
      vertex 0.96000 -0.31324 3.50580
    endloop
  endfacet
  facet normal 0.639069 -0.474385 0.605433
    outer loop
      vertex 1.05000 -0.19200 3.69580
      vertex 1.14000 -0.31324 3.50580
      vertex 1.23000 -0.19200 3.50580
    endloop
  endfacet
  facet normal 0.639069 -0.474385 -0.605433
    outer loop
      vertex 1.05000 -0.19200 3.31580
      vertex 1.23000 -0.19200 3.50580
      vertex 1.14000 -0.31324 3.50580
    endloop
  endfacet
  facet normal 0.695424 0.543210 0.470434
    outer loop
      vertex 1.05000 -0.20000 2.20000
      vertex 1.28000 -0.20000 1.86000
      vertex 1.16500 -0.05278 1.86000
    endloop
  endfacet
  facet normal 0.695424 0.543210 -0.470434
    outer loop
      vertex 1.05000 -0.20000 1.52000
      vertex 1.16500 -0.05278 1.86000
      vertex 1.28000 -0.20000 1.86000
    endloop
  endfacet
  facet normal 0.000000 0.917663 0.397360
    outer loop
      vertex 1.05000 -0.20000 2.20000
      vertex 1.16500 -0.05278 1.86000
      vertex 0.93500 -0.05278 1.86000
    endloop
  endfacet
  facet normal 0.000000 0.917663 -0.397360
    outer loop
      vertex 1.05000 -0.20000 1.52000
      vertex 0.93500 -0.05278 1.86000
      vertex 1.16500 -0.05278 1.86000
    endloop
  endfacet
  facet normal -0.695424 0.543210 0.470434
    outer loop
      vertex 1.05000 -0.20000 2.20000
      vertex 0.93500 -0.05278 1.86000
      vertex 0.82000 -0.20000 1.86000
    endloop
  endfacet
  facet normal -0.695424 0.543210 -0.470434
    outer loop
      vertex 1.05000 -0.20000 1.52000
      vertex 0.82000 -0.20000 1.86000
      vertex 0.93500 -0.05278 1.86000
    endloop
  endfacet
  facet normal -0.695424 -0.543210 0.470434
    outer loop
      vertex 1.05000 -0.20000 2.20000
      vertex 0.82000 -0.20000 1.86000
      vertex 0.93500 -0.34722 1.86000
    endloop
  endfacet
  facet normal -0.695424 -0.543210 -0.470434
    outer loop
      vertex 1.05000 -0.20000 1.52000
      vertex 0.93500 -0.34722 1.86000
      vertex 0.82000 -0.20000 1.86000
    endloop
  endfacet
  facet normal 0.000000 -0.917663 0.397360
    outer loop
      vertex 1.05000 -0.20000 2.20000
      vertex 0.93500 -0.34722 1.86000
      vertex 1.16500 -0.34722 1.86000
    endloop
  endfacet
  facet normal 0.000000 -0.917663 -0.397360
    outer loop
      vertex 1.05000 -0.20000 1.52000
      vertex 1.16500 -0.34722 1.86000
      vertex 0.93500 -0.34722 1.86000
    endloop
  endfacet
  facet normal 0.695424 -0.543210 0.470434
    outer loop
      vertex 1.05000 -0.20000 2.20000
      vertex 1.16500 -0.34722 1.86000
      vertex 1.28000 -0.20000 1.86000
    endloop
  endfacet
  facet normal 0.695424 -0.543210 -0.470434
    outer loop
      vertex 1.05000 -0.20000 1.52000
      vertex 1.28000 -0.20000 1.86000
      vertex 1.16500 -0.34722 1.86000
    endloop
  endfacet
  facet normal 0.000000 0.000000 -1.000000
    outer loop
      vertex -2.98000 -0.41000 0.40000
      vertex -2.12000 0.31000 0.40000
      vertex -2.12000 -0.41000 0.40000
    endloop
  endfacet
  facet normal 0.000000 0.000000 -1.000000
    outer loop
      vertex -2.98000 -0.41000 0.40000
      vertex -2.98000 0.31000 0.40000
      vertex -2.12000 0.31000 0.40000
    endloop
  endfacet
  facet normal 0.000000 0.000000 1.000000
    outer loop
      vertex -2.98000 -0.41000 1.35000
      vertex -2.12000 -0.41000 1.35000
      vertex -2.12000 0.31000 1.35000
    endloop
  endfacet
  facet normal 0.000000 0.000000 1.000000
    outer loop
      vertex -2.98000 -0.41000 1.35000
      vertex -2.12000 0.31000 1.35000
      vertex -2.98000 0.31000 1.35000
    endloop
  endfacet
  facet normal 0.000000 -1.000000 0.000000
    outer loop
      vertex -2.98000 -0.41000 0.40000
      vertex -2.12000 -0.41000 0.40000
      vertex -2.12000 -0.41000 1.35000
    endloop
  endfacet
  facet normal 0.000000 -1.000000 0.000000
    outer loop
      vertex -2.98000 -0.41000 0.40000
      vertex -2.12000 -0.41000 1.35000
      vertex -2.98000 -0.41000 1.35000
    endloop
  endfacet
  facet normal 1.000000 0.000000 0.000000
    outer loop
      vertex -2.12000 -0.41000 0.40000
      vertex -2.12000 0.31000 0.40000
      vertex -2.12000 0.31000 1.35000
    endloop
  endfacet
  facet normal 1.000000 0.000000 0.000000
    outer loop
      vertex -2.12000 -0.41000 0.40000
      vertex -2.12000 0.31000 1.35000
      vertex -2.12000 -0.41000 1.35000
    endloop
  endfacet
  facet normal 0.000000 1.000000 0.000000
    outer loop
      vertex -2.12000 0.31000 0.40000
      vertex -2.98000 0.31000 0.40000
      vertex -2.98000 0.31000 1.35000
    endloop
  endfacet
  facet normal 0.000000 1.000000 -0.000000
    outer loop
      vertex -2.12000 0.31000 0.40000
      vertex -2.98000 0.31000 1.35000
      vertex -2.12000 0.31000 1.35000
    endloop
  endfacet
  facet normal -1.000000 0.000000 0.000000
    outer loop
      vertex -2.98000 0.31000 0.40000
      vertex -2.98000 -0.41000 0.40000
      vertex -2.98000 -0.41000 1.35000
    endloop
  endfacet
  facet normal -1.000000 0.000000 0.000000
    outer loop
      vertex -2.98000 0.31000 0.40000
      vertex -2.98000 -0.41000 1.35000
      vertex -2.98000 0.31000 1.35000
    endloop
  endfacet
  facet normal -0.657534 0.000000 0.753425
    outer loop
      vertex -3.10000 -0.49000 1.35000
      vertex -2.55000 -0.49000 1.83000
      vertex -2.55000 0.39000 1.83000
    endloop
  endfacet
  facet normal -0.657534 0.000000 0.753425
    outer loop
      vertex -3.10000 -0.49000 1.35000
      vertex -2.55000 0.39000 1.83000
      vertex -3.10000 0.39000 1.35000
    endloop
  endfacet
  facet normal 0.657534 0.000000 0.753425
    outer loop
      vertex -2.55000 -0.49000 1.83000
      vertex -2.00000 -0.49000 1.35000
      vertex -2.00000 0.39000 1.35000
    endloop
  endfacet
  facet normal 0.657534 -0.000000 0.753425
    outer loop
      vertex -2.55000 -0.49000 1.83000
      vertex -2.00000 0.39000 1.35000
      vertex -2.55000 0.39000 1.83000
    endloop
  endfacet
  facet normal 0.000000 -1.000000 0.000000
    outer loop
      vertex -3.10000 -0.49000 1.35000
      vertex -2.00000 -0.49000 1.35000
      vertex -2.55000 -0.49000 1.83000
    endloop
  endfacet
  facet normal 0.000000 1.000000 0.000000
    outer loop
      vertex -3.10000 0.39000 1.35000
      vertex -2.55000 0.39000 1.83000
      vertex -2.00000 0.39000 1.35000
    endloop
  endfacet
  facet normal 0.000000 0.000000 -1.000000
    outer loop
      vertex -2.68000 -0.44500 0.40000
      vertex -2.42000 -0.37500 0.40000
      vertex -2.42000 -0.44500 0.40000
    endloop
  endfacet
  facet normal 0.000000 0.000000 -1.000000
    outer loop
      vertex -2.68000 -0.44500 0.40000
      vertex -2.68000 -0.37500 0.40000
      vertex -2.42000 -0.37500 0.40000
    endloop
  endfacet
  facet normal 0.000000 0.000000 1.000000
    outer loop
      vertex -2.68000 -0.44500 0.94000
      vertex -2.42000 -0.44500 0.94000
      vertex -2.42000 -0.37500 0.94000
    endloop
  endfacet
  facet normal 0.000000 0.000000 1.000000
    outer loop
      vertex -2.68000 -0.44500 0.94000
      vertex -2.42000 -0.37500 0.94000
      vertex -2.68000 -0.37500 0.94000
    endloop
  endfacet
  facet normal 0.000000 -1.000000 0.000000
    outer loop
      vertex -2.68000 -0.44500 0.40000
      vertex -2.42000 -0.44500 0.40000
      vertex -2.42000 -0.44500 0.94000
    endloop
  endfacet
  facet normal 0.000000 -1.000000 0.000000
    outer loop
      vertex -2.68000 -0.44500 0.40000
      vertex -2.42000 -0.44500 0.94000
      vertex -2.68000 -0.44500 0.94000
    endloop
  endfacet
  facet normal 1.000000 0.000000 0.000000
    outer loop
      vertex -2.42000 -0.44500 0.40000
      vertex -2.42000 -0.37500 0.40000
      vertex -2.42000 -0.37500 0.94000
    endloop
  endfacet
  facet normal 1.000000 0.000000 0.000000
    outer loop
      vertex -2.42000 -0.44500 0.40000
      vertex -2.42000 -0.37500 0.94000
      vertex -2.42000 -0.44500 0.94000
    endloop
  endfacet
  facet normal 0.000000 1.000000 0.000000
    outer loop
      vertex -2.42000 -0.37500 0.40000
      vertex -2.68000 -0.37500 0.40000
      vertex -2.68000 -0.37500 0.94000
    endloop
  endfacet
  facet normal 0.000000 1.000000 -0.000000
    outer loop
      vertex -2.42000 -0.37500 0.40000
      vertex -2.68000 -0.37500 0.94000
      vertex -2.42000 -0.37500 0.94000
    endloop
  endfacet
  facet normal -1.000000 0.000000 0.000000
    outer loop
      vertex -2.68000 -0.37500 0.40000
      vertex -2.68000 -0.44500 0.40000
      vertex -2.68000 -0.44500 0.94000
    endloop
  endfacet
  facet normal -1.000000 0.000000 0.000000
    outer loop
      vertex -2.68000 -0.37500 0.40000
      vertex -2.68000 -0.44500 0.94000
      vertex -2.68000 -0.37500 0.94000
    endloop
  endfacet
  facet normal 0.000000 0.000000 -1.000000
    outer loop
      vertex -2.86000 -0.45000 0.93000
      vertex -2.74000 -0.38000 0.93000
      vertex -2.74000 -0.45000 0.93000
    endloop
  endfacet
  facet normal 0.000000 0.000000 -1.000000
    outer loop
      vertex -2.86000 -0.45000 0.93000
      vertex -2.86000 -0.38000 0.93000
      vertex -2.74000 -0.38000 0.93000
    endloop
  endfacet
  facet normal 0.000000 0.000000 1.000000
    outer loop
      vertex -2.86000 -0.45000 1.18000
      vertex -2.74000 -0.45000 1.18000
      vertex -2.74000 -0.38000 1.18000
    endloop
  endfacet
  facet normal 0.000000 0.000000 1.000000
    outer loop
      vertex -2.86000 -0.45000 1.18000
      vertex -2.74000 -0.38000 1.18000
      vertex -2.86000 -0.38000 1.18000
    endloop
  endfacet
  facet normal 0.000000 -1.000000 0.000000
    outer loop
      vertex -2.86000 -0.45000 0.93000
      vertex -2.74000 -0.45000 0.93000
      vertex -2.74000 -0.45000 1.18000
    endloop
  endfacet
  facet normal 0.000000 -1.000000 0.000000
    outer loop
      vertex -2.86000 -0.45000 0.93000
      vertex -2.74000 -0.45000 1.18000
      vertex -2.86000 -0.45000 1.18000
    endloop
  endfacet
  facet normal 1.000000 0.000000 0.000000
    outer loop
      vertex -2.74000 -0.45000 0.93000
      vertex -2.74000 -0.38000 0.93000
      vertex -2.74000 -0.38000 1.18000
    endloop
  endfacet
  facet normal 1.000000 0.000000 0.000000
    outer loop
      vertex -2.74000 -0.45000 0.93000
      vertex -2.74000 -0.38000 1.18000
      vertex -2.74000 -0.45000 1.18000
    endloop
  endfacet
  facet normal 0.000000 1.000000 0.000000
    outer loop
      vertex -2.74000 -0.38000 0.93000
      vertex -2.86000 -0.38000 0.93000
      vertex -2.86000 -0.38000 1.18000
    endloop
  endfacet
  facet normal 0.000000 1.000000 -0.000000
    outer loop
      vertex -2.74000 -0.38000 0.93000
      vertex -2.86000 -0.38000 1.18000
      vertex -2.74000 -0.38000 1.18000
    endloop
  endfacet
  facet normal -1.000000 0.000000 0.000000
    outer loop
      vertex -2.86000 -0.38000 0.93000
      vertex -2.86000 -0.45000 0.93000
      vertex -2.86000 -0.45000 1.18000
    endloop
  endfacet
  facet normal -1.000000 0.000000 0.000000
    outer loop
      vertex -2.86000 -0.38000 0.93000
      vertex -2.86000 -0.45000 1.18000
      vertex -2.86000 -0.38000 1.18000
    endloop
  endfacet
  facet normal 0.000000 0.000000 -1.000000
    outer loop
      vertex -2.32000 -0.45000 0.93000
      vertex -2.20000 -0.38000 0.93000
      vertex -2.20000 -0.45000 0.93000
    endloop
  endfacet
  facet normal 0.000000 0.000000 -1.000000
    outer loop
      vertex -2.32000 -0.45000 0.93000
      vertex -2.32000 -0.38000 0.93000
      vertex -2.20000 -0.38000 0.93000
    endloop
  endfacet
  facet normal 0.000000 0.000000 1.000000
    outer loop
      vertex -2.32000 -0.45000 1.18000
      vertex -2.20000 -0.45000 1.18000
      vertex -2.20000 -0.38000 1.18000
    endloop
  endfacet
  facet normal 0.000000 0.000000 1.000000
    outer loop
      vertex -2.32000 -0.45000 1.18000
      vertex -2.20000 -0.38000 1.18000
      vertex -2.32000 -0.38000 1.18000
    endloop
  endfacet
  facet normal 0.000000 -1.000000 0.000000
    outer loop
      vertex -2.32000 -0.45000 0.93000
      vertex -2.20000 -0.45000 0.93000
      vertex -2.20000 -0.45000 1.18000
    endloop
  endfacet
  facet normal 0.000000 -1.000000 0.000000
    outer loop
      vertex -2.32000 -0.45000 0.93000
      vertex -2.20000 -0.45000 1.18000
      vertex -2.32000 -0.45000 1.18000
    endloop
  endfacet
  facet normal 1.000000 0.000000 0.000000
    outer loop
      vertex -2.20000 -0.45000 0.93000
      vertex -2.20000 -0.38000 0.93000
      vertex -2.20000 -0.38000 1.18000
    endloop
  endfacet
  facet normal 1.000000 0.000000 0.000000
    outer loop
      vertex -2.20000 -0.45000 0.93000
      vertex -2.20000 -0.38000 1.18000
      vertex -2.20000 -0.45000 1.18000
    endloop
  endfacet
  facet normal 0.000000 1.000000 0.000000
    outer loop
      vertex -2.20000 -0.38000 0.93000
      vertex -2.32000 -0.38000 0.93000
      vertex -2.32000 -0.38000 1.18000
    endloop
  endfacet
  facet normal 0.000000 1.000000 -0.000000
    outer loop
      vertex -2.20000 -0.38000 0.93000
      vertex -2.32000 -0.38000 1.18000
      vertex -2.20000 -0.38000 1.18000
    endloop
  endfacet
  facet normal -1.000000 0.000000 0.000000
    outer loop
      vertex -2.32000 -0.38000 0.93000
      vertex -2.32000 -0.45000 0.93000
      vertex -2.32000 -0.45000 1.18000
    endloop
  endfacet
  facet normal -1.000000 0.000000 0.000000
    outer loop
      vertex -2.32000 -0.38000 0.93000
      vertex -2.32000 -0.45000 1.18000
      vertex -2.32000 -0.38000 1.18000
    endloop
  endfacet
  facet normal 0.000000 0.000000 -1.000000
    outer loop
      vertex -2.31000 0.03000 1.45000
      vertex -2.13000 0.22000 1.45000
      vertex -2.13000 0.03000 1.45000
    endloop
  endfacet
  facet normal 0.000000 0.000000 -1.000000
    outer loop
      vertex -2.31000 0.03000 1.45000
      vertex -2.31000 0.22000 1.45000
      vertex -2.13000 0.22000 1.45000
    endloop
  endfacet
  facet normal 0.000000 0.000000 1.000000
    outer loop
      vertex -2.31000 0.03000 2.03000
      vertex -2.13000 0.03000 2.03000
      vertex -2.13000 0.22000 2.03000
    endloop
  endfacet
  facet normal 0.000000 0.000000 1.000000
    outer loop
      vertex -2.31000 0.03000 2.03000
      vertex -2.13000 0.22000 2.03000
      vertex -2.31000 0.22000 2.03000
    endloop
  endfacet
  facet normal 0.000000 -1.000000 0.000000
    outer loop
      vertex -2.31000 0.03000 1.45000
      vertex -2.13000 0.03000 1.45000
      vertex -2.13000 0.03000 2.03000
    endloop
  endfacet
  facet normal 0.000000 -1.000000 0.000000
    outer loop
      vertex -2.31000 0.03000 1.45000
      vertex -2.13000 0.03000 2.03000
      vertex -2.31000 0.03000 2.03000
    endloop
  endfacet
  facet normal 1.000000 0.000000 0.000000
    outer loop
      vertex -2.13000 0.03000 1.45000
      vertex -2.13000 0.22000 1.45000
      vertex -2.13000 0.22000 2.03000
    endloop
  endfacet
  facet normal 1.000000 0.000000 0.000000
    outer loop
      vertex -2.13000 0.03000 1.45000
      vertex -2.13000 0.22000 2.03000
      vertex -2.13000 0.03000 2.03000
    endloop
  endfacet
  facet normal 0.000000 1.000000 0.000000
    outer loop
      vertex -2.13000 0.22000 1.45000
      vertex -2.31000 0.22000 1.45000
      vertex -2.31000 0.22000 2.03000
    endloop
  endfacet
  facet normal 0.000000 1.000000 -0.000000
    outer loop
      vertex -2.13000 0.22000 1.45000
      vertex -2.31000 0.22000 2.03000
      vertex -2.13000 0.22000 2.03000
    endloop
  endfacet
  facet normal -1.000000 0.000000 0.000000
    outer loop
      vertex -2.31000 0.22000 1.45000
      vertex -2.31000 0.03000 1.45000
      vertex -2.31000 0.03000 2.03000
    endloop
  endfacet
  facet normal -1.000000 0.000000 0.000000
    outer loop
      vertex -2.31000 0.22000 1.45000
      vertex -2.31000 0.03000 2.03000
      vertex -2.31000 0.22000 2.03000
    endloop
  endfacet
  facet normal 0.866025 0.500000 0.000000
    outer loop
      vertex -0.40580 -1.32000 0.40000
      vertex -0.42790 -1.28172 0.40000
      vertex -0.42790 -1.28172 0.78750
    endloop
  endfacet
  facet normal 0.866025 0.500000 -0.000000
    outer loop
      vertex -0.40580 -1.32000 0.40000
      vertex -0.42790 -1.28172 0.78750
      vertex -0.40580 -1.32000 0.78750
    endloop
  endfacet
  facet normal 0.000000 0.000000 -1.000000
    outer loop
      vertex -0.45000 -1.32000 0.40000
      vertex -0.42790 -1.28172 0.40000
      vertex -0.40580 -1.32000 0.40000
    endloop
  endfacet
  facet normal 0.000000 0.000000 1.000000
    outer loop
      vertex -0.45000 -1.32000 0.78750
      vertex -0.40580 -1.32000 0.78750
      vertex -0.42790 -1.28172 0.78750
    endloop
  endfacet
  facet normal 0.000000 1.000000 0.000000
    outer loop
      vertex -0.42790 -1.28172 0.40000
      vertex -0.47210 -1.28172 0.40000
      vertex -0.47210 -1.28172 0.78750
    endloop
  endfacet
  facet normal 0.000000 1.000000 -0.000000
    outer loop
      vertex -0.42790 -1.28172 0.40000
      vertex -0.47210 -1.28172 0.78750
      vertex -0.42790 -1.28172 0.78750
    endloop
  endfacet
  facet normal 0.000000 0.000000 -1.000000
    outer loop
      vertex -0.45000 -1.32000 0.40000
      vertex -0.47210 -1.28172 0.40000
      vertex -0.42790 -1.28172 0.40000
    endloop
  endfacet
  facet normal 0.000000 -0.000000 1.000000
    outer loop
      vertex -0.45000 -1.32000 0.78750
      vertex -0.42790 -1.28172 0.78750
      vertex -0.47210 -1.28172 0.78750
    endloop
  endfacet
  facet normal -0.866025 0.500000 0.000000
    outer loop
      vertex -0.47210 -1.28172 0.40000
      vertex -0.49420 -1.32000 0.40000
      vertex -0.49420 -1.32000 0.78750
    endloop
  endfacet
  facet normal -0.866025 0.500000 0.000000
    outer loop
      vertex -0.47210 -1.28172 0.40000
      vertex -0.49420 -1.32000 0.78750
      vertex -0.47210 -1.28172 0.78750
    endloop
  endfacet
  facet normal 0.000000 0.000000 -1.000000
    outer loop
      vertex -0.45000 -1.32000 0.40000
      vertex -0.49420 -1.32000 0.40000
      vertex -0.47210 -1.28172 0.40000
    endloop
  endfacet
  facet normal 0.000000 0.000000 1.000000
    outer loop
      vertex -0.45000 -1.32000 0.78750
      vertex -0.47210 -1.28172 0.78750
      vertex -0.49420 -1.32000 0.78750
    endloop
  endfacet
  facet normal -0.866025 -0.500000 0.000000
    outer loop
      vertex -0.49420 -1.32000 0.40000
      vertex -0.47210 -1.35828 0.40000
      vertex -0.47210 -1.35828 0.78750
    endloop
  endfacet
  facet normal -0.866025 -0.500000 0.000000
    outer loop
      vertex -0.49420 -1.32000 0.40000
      vertex -0.47210 -1.35828 0.78750
      vertex -0.49420 -1.32000 0.78750
    endloop
  endfacet
  facet normal -0.000000 0.000000 -1.000000
    outer loop
      vertex -0.45000 -1.32000 0.40000
      vertex -0.47210 -1.35828 0.40000
      vertex -0.49420 -1.32000 0.40000
    endloop
  endfacet
  facet normal 0.000000 0.000000 1.000000
    outer loop
      vertex -0.45000 -1.32000 0.78750
      vertex -0.49420 -1.32000 0.78750
      vertex -0.47210 -1.35828 0.78750
    endloop
  endfacet
  facet normal 0.000000 -1.000000 0.000000
    outer loop
      vertex -0.47210 -1.35828 0.40000
      vertex -0.42790 -1.35828 0.40000
      vertex -0.42790 -1.35828 0.78750
    endloop
  endfacet
  facet normal 0.000000 -1.000000 0.000000
    outer loop
      vertex -0.47210 -1.35828 0.40000
      vertex -0.42790 -1.35828 0.78750
      vertex -0.47210 -1.35828 0.78750
    endloop
  endfacet
  facet normal 0.000000 -0.000000 -1.000000
    outer loop
      vertex -0.45000 -1.32000 0.40000
      vertex -0.42790 -1.35828 0.40000
      vertex -0.47210 -1.35828 0.40000
    endloop
  endfacet
  facet normal 0.000000 0.000000 1.000000
    outer loop
      vertex -0.45000 -1.32000 0.78750
      vertex -0.47210 -1.35828 0.78750
      vertex -0.42790 -1.35828 0.78750
    endloop
  endfacet
  facet normal 0.866025 -0.500000 0.000000
    outer loop
      vertex -0.42790 -1.35828 0.40000
      vertex -0.40580 -1.32000 0.40000
      vertex -0.40580 -1.32000 0.78750
    endloop
  endfacet
  facet normal 0.866025 -0.500000 0.000000
    outer loop
      vertex -0.42790 -1.35828 0.40000
      vertex -0.40580 -1.32000 0.78750
      vertex -0.42790 -1.35828 0.78750
    endloop
  endfacet
  facet normal 0.000000 0.000000 -1.000000
    outer loop
      vertex -0.45000 -1.32000 0.40000
      vertex -0.40580 -1.32000 0.40000
      vertex -0.42790 -1.35828 0.40000
    endloop
  endfacet
  facet normal -0.000000 0.000000 1.000000
    outer loop
      vertex -0.45000 -1.32000 0.78750
      vertex -0.42790 -1.35828 0.78750
      vertex -0.40580 -1.32000 0.78750
    endloop
  endfacet
  facet normal 0.833115 0.401207 0.380725
    outer loop
      vertex -0.11000 -1.32000 0.61700
      vertex -0.23801 -1.05418 0.61700
      vertex -0.45000 -1.32000 1.36100
    endloop
  endfacet
  facet normal 0.000000 0.000000 -1.000000
    outer loop
      vertex -0.45000 -1.32000 0.61700
      vertex -0.23801 -1.05418 0.61700
      vertex -0.11000 -1.32000 0.61700
    endloop
  endfacet
  facet normal 0.205763 0.901505 0.380725
    outer loop
      vertex -0.23801 -1.05418 0.61700
      vertex -0.52566 -0.98852 0.61700
      vertex -0.45000 -1.32000 1.36100
    endloop
  endfacet
  facet normal 0.000000 0.000000 -1.000000
    outer loop
      vertex -0.45000 -1.32000 0.61700
      vertex -0.52566 -0.98852 0.61700
      vertex -0.23801 -1.05418 0.61700
    endloop
  endfacet
  facet normal -0.576534 0.722950 0.380725
    outer loop
      vertex -0.52566 -0.98852 0.61700
      vertex -0.75633 -1.17248 0.61700
      vertex -0.45000 -1.32000 1.36100
    endloop
  endfacet
  facet normal 0.000000 0.000000 -1.000000
    outer loop
      vertex -0.45000 -1.32000 0.61700
      vertex -0.75633 -1.17248 0.61700
      vertex -0.52566 -0.98852 0.61700
    endloop
  endfacet
  facet normal -0.924688 0.000000 0.380725
    outer loop
      vertex -0.75633 -1.17248 0.61700
      vertex -0.75633 -1.46752 0.61700
      vertex -0.45000 -1.32000 1.36100
    endloop
  endfacet
  facet normal -0.000000 0.000000 -1.000000
    outer loop
      vertex -0.45000 -1.32000 0.61700
      vertex -0.75633 -1.46752 0.61700
      vertex -0.75633 -1.17248 0.61700
    endloop
  endfacet
  facet normal -0.576534 -0.722950 0.380725
    outer loop
      vertex -0.75633 -1.46752 0.61700
      vertex -0.52566 -1.65148 0.61700
      vertex -0.45000 -1.32000 1.36100
    endloop
  endfacet
  facet normal 0.000000 0.000000 -1.000000
    outer loop
      vertex -0.45000 -1.32000 0.61700
      vertex -0.52566 -1.65148 0.61700
      vertex -0.75633 -1.46752 0.61700
    endloop
  endfacet
  facet normal 0.205763 -0.901505 0.380725
    outer loop
      vertex -0.52566 -1.65148 0.61700
      vertex -0.23801 -1.58582 0.61700
      vertex -0.45000 -1.32000 1.36100
    endloop
  endfacet
  facet normal 0.000000 -0.000000 -1.000000
    outer loop
      vertex -0.45000 -1.32000 0.61700
      vertex -0.23801 -1.58582 0.61700
      vertex -0.52566 -1.65148 0.61700
    endloop
  endfacet
  facet normal 0.833115 -0.401207 0.380725
    outer loop
      vertex -0.23801 -1.58582 0.61700
      vertex -0.11000 -1.32000 0.61700
      vertex -0.45000 -1.32000 1.36100
    endloop
  endfacet
  facet normal 0.000000 0.000000 -1.000000
    outer loop
      vertex -0.45000 -1.32000 0.61700
      vertex -0.11000 -1.32000 0.61700
      vertex -0.23801 -1.58582 0.61700
    endloop
  endfacet
  facet normal 0.854690 0.411597 0.316373
    outer loop
      vertex -0.17460 -1.32000 0.95800
      vertex -0.27829 -1.10468 0.95800
      vertex -0.45000 -1.32000 1.70200
    endloop
  endfacet
  facet normal 0.000000 0.000000 -1.000000
    outer loop
      vertex -0.45000 -1.32000 0.95800
      vertex -0.27829 -1.10468 0.95800
      vertex -0.17460 -1.32000 0.95800
    endloop
  endfacet
  facet normal 0.211091 0.924851 0.316373
    outer loop
      vertex -0.27829 -1.10468 0.95800
      vertex -0.51128 -1.05150 0.95800
      vertex -0.45000 -1.32000 1.70200
    endloop
  endfacet
  facet normal 0.000000 0.000000 -1.000000
    outer loop
      vertex -0.45000 -1.32000 0.95800
      vertex -0.51128 -1.05150 0.95800
      vertex -0.27829 -1.10468 0.95800
    endloop
  endfacet
  facet normal -0.591464 0.741673 0.316373
    outer loop
      vertex -0.51128 -1.05150 0.95800
      vertex -0.69813 -1.20051 0.95800
      vertex -0.45000 -1.32000 1.70200
    endloop
  endfacet
  facet normal 0.000000 0.000000 -1.000000
    outer loop
      vertex -0.45000 -1.32000 0.95800
      vertex -0.69813 -1.20051 0.95800
      vertex -0.51128 -1.05150 0.95800
    endloop
  endfacet
  facet normal -0.948635 0.000000 0.316373
    outer loop
      vertex -0.69813 -1.20051 0.95800
      vertex -0.69813 -1.43949 0.95800
      vertex -0.45000 -1.32000 1.70200
    endloop
  endfacet
  facet normal -0.000000 0.000000 -1.000000
    outer loop
      vertex -0.45000 -1.32000 0.95800
      vertex -0.69813 -1.43949 0.95800
      vertex -0.69813 -1.20051 0.95800
    endloop
  endfacet
  facet normal -0.591464 -0.741673 0.316373
    outer loop
      vertex -0.69813 -1.43949 0.95800
      vertex -0.51128 -1.58850 0.95800
      vertex -0.45000 -1.32000 1.70200
    endloop
  endfacet
  facet normal 0.000000 0.000000 -1.000000
    outer loop
      vertex -0.45000 -1.32000 0.95800
      vertex -0.51128 -1.58850 0.95800
      vertex -0.69813 -1.43949 0.95800
    endloop
  endfacet
  facet normal 0.211091 -0.924851 0.316373
    outer loop
      vertex -0.51128 -1.58850 0.95800
      vertex -0.27829 -1.53532 0.95800
      vertex -0.45000 -1.32000 1.70200
    endloop
  endfacet
  facet normal 0.000000 -0.000000 -1.000000
    outer loop
      vertex -0.45000 -1.32000 0.95800
      vertex -0.27829 -1.53532 0.95800
      vertex -0.51128 -1.58850 0.95800
    endloop
  endfacet
  facet normal 0.854690 -0.411597 0.316373
    outer loop
      vertex -0.27829 -1.53532 0.95800
      vertex -0.17460 -1.32000 0.95800
      vertex -0.45000 -1.32000 1.70200
    endloop
  endfacet
  facet normal 0.000000 0.000000 -1.000000
    outer loop
      vertex -0.45000 -1.32000 0.95800
      vertex -0.17460 -1.32000 0.95800
      vertex -0.27829 -1.53532 0.95800
    endloop
  endfacet
  facet normal 0.872974 0.420402 0.247343
    outer loop
      vertex -0.23920 -1.32000 1.29900
      vertex -0.31857 -1.15519 1.29900
      vertex -0.45000 -1.32000 2.04300
    endloop
  endfacet
  facet normal 0.000000 0.000000 -1.000000
    outer loop
      vertex -0.45000 -1.32000 1.29900
      vertex -0.31857 -1.15519 1.29900
      vertex -0.23920 -1.32000 1.29900
    endloop
  endfacet
  facet normal 0.215607 0.944635 0.247343
    outer loop
      vertex -0.31857 -1.15519 1.29900
      vertex -0.49691 -1.11449 1.29900
      vertex -0.45000 -1.32000 2.04300
    endloop
  endfacet
  facet normal 0.000000 0.000000 -1.000000
    outer loop
      vertex -0.45000 -1.32000 1.29900
      vertex -0.49691 -1.11449 1.29900
      vertex -0.31857 -1.15519 1.29900
    endloop
  endfacet
  facet normal -0.604117 0.757538 0.247343
    outer loop
      vertex -0.49691 -1.11449 1.29900
      vertex -0.63992 -1.22854 1.29900
      vertex -0.45000 -1.32000 2.04300
    endloop
  endfacet
  facet normal 0.000000 0.000000 -1.000000
    outer loop
      vertex -0.45000 -1.32000 1.29900
      vertex -0.63992 -1.22854 1.29900
      vertex -0.49691 -1.11449 1.29900
    endloop
  endfacet
  facet normal -0.968928 0.000000 0.247343
    outer loop
      vertex -0.63992 -1.22854 1.29900
      vertex -0.63992 -1.41146 1.29900
      vertex -0.45000 -1.32000 2.04300
    endloop
  endfacet
  facet normal -0.000000 0.000000 -1.000000
    outer loop
      vertex -0.45000 -1.32000 1.29900
      vertex -0.63992 -1.41146 1.29900
      vertex -0.63992 -1.22854 1.29900
    endloop
  endfacet
  facet normal -0.604117 -0.757538 0.247343
    outer loop
      vertex -0.63992 -1.41146 1.29900
      vertex -0.49691 -1.52551 1.29900
      vertex -0.45000 -1.32000 2.04300
    endloop
  endfacet
  facet normal 0.000000 0.000000 -1.000000
    outer loop
      vertex -0.45000 -1.32000 1.29900
      vertex -0.49691 -1.52551 1.29900
      vertex -0.63992 -1.41146 1.29900
    endloop
  endfacet
  facet normal 0.215607 -0.944635 0.247343
    outer loop
      vertex -0.49691 -1.52551 1.29900
      vertex -0.31857 -1.48481 1.29900
      vertex -0.45000 -1.32000 2.04300
    endloop
  endfacet
  facet normal 0.000000 -0.000000 -1.000000
    outer loop
      vertex -0.45000 -1.32000 1.29900
      vertex -0.31857 -1.48481 1.29900
      vertex -0.49691 -1.52551 1.29900
    endloop
  endfacet
  facet normal 0.872974 -0.420402 0.247343
    outer loop
      vertex -0.31857 -1.48481 1.29900
      vertex -0.23920 -1.32000 1.29900
      vertex -0.45000 -1.32000 2.04300
    endloop
  endfacet
  facet normal 0.000000 0.000000 -1.000000
    outer loop
      vertex -0.45000 -1.32000 1.29900
      vertex -0.23920 -1.32000 1.29900
      vertex -0.31857 -1.48481 1.29900
    endloop
  endfacet
  facet normal 0.866025 0.500000 0.000000
    outer loop
      vertex 0.20070 -1.62000 0.40000
      vertex 0.17535 -1.57609 0.40000
      vertex 0.17535 -1.57609 0.86250
    endloop
  endfacet
  facet normal 0.866025 0.500000 -0.000000
    outer loop
      vertex 0.20070 -1.62000 0.40000
      vertex 0.17535 -1.57609 0.86250
      vertex 0.20070 -1.62000 0.86250
    endloop
  endfacet
  facet normal 0.000000 0.000000 -1.000000
    outer loop
      vertex 0.15000 -1.62000 0.40000
      vertex 0.17535 -1.57609 0.40000
      vertex 0.20070 -1.62000 0.40000
    endloop
  endfacet
  facet normal 0.000000 0.000000 1.000000
    outer loop
      vertex 0.15000 -1.62000 0.86250
      vertex 0.20070 -1.62000 0.86250
      vertex 0.17535 -1.57609 0.86250
    endloop
  endfacet
  facet normal 0.000000 1.000000 0.000000
    outer loop
      vertex 0.17535 -1.57609 0.40000
      vertex 0.12465 -1.57609 0.40000
      vertex 0.12465 -1.57609 0.86250
    endloop
  endfacet
  facet normal 0.000000 1.000000 -0.000000
    outer loop
      vertex 0.17535 -1.57609 0.40000
      vertex 0.12465 -1.57609 0.86250
      vertex 0.17535 -1.57609 0.86250
    endloop
  endfacet
  facet normal 0.000000 0.000000 -1.000000
    outer loop
      vertex 0.15000 -1.62000 0.40000
      vertex 0.12465 -1.57609 0.40000
      vertex 0.17535 -1.57609 0.40000
    endloop
  endfacet
  facet normal 0.000000 -0.000000 1.000000
    outer loop
      vertex 0.15000 -1.62000 0.86250
      vertex 0.17535 -1.57609 0.86250
      vertex 0.12465 -1.57609 0.86250
    endloop
  endfacet
  facet normal -0.866025 0.500000 0.000000
    outer loop
      vertex 0.12465 -1.57609 0.40000
      vertex 0.09930 -1.62000 0.40000
      vertex 0.09930 -1.62000 0.86250
    endloop
  endfacet
  facet normal -0.866025 0.500000 0.000000
    outer loop
      vertex 0.12465 -1.57609 0.40000
      vertex 0.09930 -1.62000 0.86250
      vertex 0.12465 -1.57609 0.86250
    endloop
  endfacet
  facet normal 0.000000 0.000000 -1.000000
    outer loop
      vertex 0.15000 -1.62000 0.40000
      vertex 0.09930 -1.62000 0.40000
      vertex 0.12465 -1.57609 0.40000
    endloop
  endfacet
  facet normal 0.000000 0.000000 1.000000
    outer loop
      vertex 0.15000 -1.62000 0.86250
      vertex 0.12465 -1.57609 0.86250
      vertex 0.09930 -1.62000 0.86250
    endloop
  endfacet
  facet normal -0.866025 -0.500000 0.000000
    outer loop
      vertex 0.09930 -1.62000 0.40000
      vertex 0.12465 -1.66391 0.40000
      vertex 0.12465 -1.66391 0.86250
    endloop
  endfacet
  facet normal -0.866025 -0.500000 0.000000
    outer loop
      vertex 0.09930 -1.62000 0.40000
      vertex 0.12465 -1.66391 0.86250
      vertex 0.09930 -1.62000 0.86250
    endloop
  endfacet
  facet normal -0.000000 0.000000 -1.000000
    outer loop
      vertex 0.15000 -1.62000 0.40000
      vertex 0.12465 -1.66391 0.40000
      vertex 0.09930 -1.62000 0.40000
    endloop
  endfacet
  facet normal 0.000000 0.000000 1.000000
    outer loop
      vertex 0.15000 -1.62000 0.86250
      vertex 0.09930 -1.62000 0.86250
      vertex 0.12465 -1.66391 0.86250
    endloop
  endfacet
  facet normal 0.000000 -1.000000 0.000000
    outer loop
      vertex 0.12465 -1.66391 0.40000
      vertex 0.17535 -1.66391 0.40000
      vertex 0.17535 -1.66391 0.86250
    endloop
  endfacet
  facet normal 0.000000 -1.000000 0.000000
    outer loop
      vertex 0.12465 -1.66391 0.40000
      vertex 0.17535 -1.66391 0.86250
      vertex 0.12465 -1.66391 0.86250
    endloop
  endfacet
  facet normal 0.000000 -0.000000 -1.000000
    outer loop
      vertex 0.15000 -1.62000 0.40000
      vertex 0.17535 -1.66391 0.40000
      vertex 0.12465 -1.66391 0.40000
    endloop
  endfacet
  facet normal 0.000000 0.000000 1.000000
    outer loop
      vertex 0.15000 -1.62000 0.86250
      vertex 0.12465 -1.66391 0.86250
      vertex 0.17535 -1.66391 0.86250
    endloop
  endfacet
  facet normal 0.866025 -0.500000 0.000000
    outer loop
      vertex 0.17535 -1.66391 0.40000
      vertex 0.20070 -1.62000 0.40000
      vertex 0.20070 -1.62000 0.86250
    endloop
  endfacet
  facet normal 0.866025 -0.500000 0.000000
    outer loop
      vertex 0.17535 -1.66391 0.40000
      vertex 0.20070 -1.62000 0.86250
      vertex 0.17535 -1.66391 0.86250
    endloop
  endfacet
  facet normal 0.000000 0.000000 -1.000000
    outer loop
      vertex 0.15000 -1.62000 0.40000
      vertex 0.20070 -1.62000 0.40000
      vertex 0.17535 -1.66391 0.40000
    endloop
  endfacet
  facet normal -0.000000 0.000000 1.000000
    outer loop
      vertex 0.15000 -1.62000 0.86250
      vertex 0.17535 -1.66391 0.86250
      vertex 0.20070 -1.62000 0.86250
    endloop
  endfacet
  facet normal 0.837766 0.403447 0.367938
    outer loop
      vertex 0.54000 -1.62000 0.65900
      vertex 0.39316 -1.31509 0.65900
      vertex 0.15000 -1.62000 1.54700
    endloop
  endfacet
  facet normal 0.000000 0.000000 -1.000000
    outer loop
      vertex 0.15000 -1.62000 0.65900
      vertex 0.39316 -1.31509 0.65900
      vertex 0.54000 -1.62000 0.65900
    endloop
  endfacet
  facet normal 0.206911 0.906537 0.367938
    outer loop
      vertex 0.39316 -1.31509 0.65900
      vertex 0.06322 -1.23978 0.65900
      vertex 0.15000 -1.62000 1.54700
    endloop
  endfacet
  facet normal 0.000000 0.000000 -1.000000
    outer loop
      vertex 0.15000 -1.62000 0.65900
      vertex 0.06322 -1.23978 0.65900
      vertex 0.39316 -1.31509 0.65900
    endloop
  endfacet
  facet normal -0.579752 0.726986 0.367938
    outer loop
      vertex 0.06322 -1.23978 0.65900
      vertex -0.20138 -1.45079 0.65900
      vertex 0.15000 -1.62000 1.54700
    endloop
  endfacet
  facet normal 0.000000 0.000000 -1.000000
    outer loop
      vertex 0.15000 -1.62000 0.65900
      vertex -0.20138 -1.45079 0.65900
      vertex 0.06322 -1.23978 0.65900
    endloop
  endfacet
  facet normal -0.929850 0.000000 0.367938
    outer loop
      vertex -0.20138 -1.45079 0.65900
      vertex -0.20138 -1.78921 0.65900
      vertex 0.15000 -1.62000 1.54700
    endloop
  endfacet
  facet normal -0.000000 0.000000 -1.000000
    outer loop
      vertex 0.15000 -1.62000 0.65900
      vertex -0.20138 -1.78921 0.65900
      vertex -0.20138 -1.45079 0.65900
    endloop
  endfacet
  facet normal -0.579752 -0.726986 0.367938
    outer loop
      vertex -0.20138 -1.78921 0.65900
      vertex 0.06322 -2.00022 0.65900
      vertex 0.15000 -1.62000 1.54700
    endloop
  endfacet
  facet normal 0.000000 0.000000 -1.000000
    outer loop
      vertex 0.15000 -1.62000 0.65900
      vertex 0.06322 -2.00022 0.65900
      vertex -0.20138 -1.78921 0.65900
    endloop
  endfacet
  facet normal 0.206911 -0.906537 0.367938
    outer loop
      vertex 0.06322 -2.00022 0.65900
      vertex 0.39316 -1.92491 0.65900
      vertex 0.15000 -1.62000 1.54700
    endloop
  endfacet
  facet normal 0.000000 -0.000000 -1.000000
    outer loop
      vertex 0.15000 -1.62000 0.65900
      vertex 0.39316 -1.92491 0.65900
      vertex 0.06322 -2.00022 0.65900
    endloop
  endfacet
  facet normal 0.837766 -0.403447 0.367938
    outer loop
      vertex 0.39316 -1.92491 0.65900
      vertex 0.54000 -1.62000 0.65900
      vertex 0.15000 -1.62000 1.54700
    endloop
  endfacet
  facet normal 0.000000 0.000000 -1.000000
    outer loop
      vertex 0.15000 -1.62000 0.65900
      vertex 0.54000 -1.62000 0.65900
      vertex 0.39316 -1.92491 0.65900
    endloop
  endfacet
  facet normal 0.857977 0.413180 0.305219
    outer loop
      vertex 0.46590 -1.62000 1.06600
      vertex 0.34696 -1.37302 1.06600
      vertex 0.15000 -1.62000 1.95400
    endloop
  endfacet
  facet normal 0.000000 0.000000 -1.000000
    outer loop
      vertex 0.15000 -1.62000 1.06600
      vertex 0.34696 -1.37302 1.06600
      vertex 0.46590 -1.62000 1.06600
    endloop
  endfacet
  facet normal 0.211903 0.928406 0.305219
    outer loop
      vertex 0.34696 -1.37302 1.06600
      vertex 0.07971 -1.31202 1.06600
      vertex 0.15000 -1.62000 1.95400
    endloop
  endfacet
  facet normal 0.000000 0.000000 -1.000000
    outer loop
      vertex 0.15000 -1.62000 1.06600
      vertex 0.07971 -1.31202 1.06600
      vertex 0.34696 -1.37302 1.06600
    endloop
  endfacet
  facet normal -0.593738 0.744524 0.305219
    outer loop
      vertex 0.07971 -1.31202 1.06600
      vertex -0.13462 -1.48294 1.06600
      vertex 0.15000 -1.62000 1.95400
    endloop
  endfacet
  facet normal 0.000000 0.000000 -1.000000
    outer loop
      vertex 0.15000 -1.62000 1.06600
      vertex -0.13462 -1.48294 1.06600
      vertex 0.07971 -1.31202 1.06600
    endloop
  endfacet
  facet normal -0.952282 0.000000 0.305219
    outer loop
      vertex -0.13462 -1.48294 1.06600
      vertex -0.13462 -1.75706 1.06600
      vertex 0.15000 -1.62000 1.95400
    endloop
  endfacet
  facet normal -0.000000 0.000000 -1.000000
    outer loop
      vertex 0.15000 -1.62000 1.06600
      vertex -0.13462 -1.75706 1.06600
      vertex -0.13462 -1.48294 1.06600
    endloop
  endfacet
  facet normal -0.593738 -0.744524 0.305219
    outer loop
      vertex -0.13462 -1.75706 1.06600
      vertex 0.07971 -1.92798 1.06600
      vertex 0.15000 -1.62000 1.95400
    endloop
  endfacet
  facet normal 0.000000 0.000000 -1.000000
    outer loop
      vertex 0.15000 -1.62000 1.06600
      vertex 0.07971 -1.92798 1.06600
      vertex -0.13462 -1.75706 1.06600
    endloop
  endfacet
  facet normal 0.211903 -0.928406 0.305219
    outer loop
      vertex 0.07971 -1.92798 1.06600
      vertex 0.34696 -1.86698 1.06600
      vertex 0.15000 -1.62000 1.95400
    endloop
  endfacet
  facet normal 0.000000 -0.000000 -1.000000
    outer loop
      vertex 0.15000 -1.62000 1.06600
      vertex 0.34696 -1.86698 1.06600
      vertex 0.07971 -1.92798 1.06600
    endloop
  endfacet
  facet normal 0.857977 -0.413180 0.305219
    outer loop
      vertex 0.34696 -1.86698 1.06600
      vertex 0.46590 -1.62000 1.06600
      vertex 0.15000 -1.62000 1.95400
    endloop
  endfacet
  facet normal 0.000000 0.000000 -1.000000
    outer loop
      vertex 0.15000 -1.62000 1.06600
      vertex 0.46590 -1.62000 1.06600
      vertex 0.34696 -1.86698 1.06600
    endloop
  endfacet
  facet normal 0.875021 0.421388 0.238266
    outer loop
      vertex 0.39180 -1.62000 1.47300
      vertex 0.30076 -1.43095 1.47300
      vertex 0.15000 -1.62000 2.36100
    endloop
  endfacet
  facet normal 0.000000 0.000000 -1.000000
    outer loop
      vertex 0.15000 -1.62000 1.47300
      vertex 0.30076 -1.43095 1.47300
      vertex 0.39180 -1.62000 1.47300
    endloop
  endfacet
  facet normal 0.216112 0.946850 0.238266
    outer loop
      vertex 0.30076 -1.43095 1.47300
      vertex 0.09619 -1.38426 1.47300
      vertex 0.15000 -1.62000 2.36100
    endloop
  endfacet
  facet normal 0.000000 0.000000 -1.000000
    outer loop
      vertex 0.15000 -1.62000 1.47300
      vertex 0.09619 -1.38426 1.47300
      vertex 0.30076 -1.43095 1.47300
    endloop
  endfacet
  facet normal -0.605533 0.759315 0.238266
    outer loop
      vertex 0.09619 -1.38426 1.47300
      vertex -0.06785 -1.51509 1.47300
      vertex 0.15000 -1.62000 2.36100
    endloop
  endfacet
  facet normal 0.000000 0.000000 -1.000000
    outer loop
      vertex 0.15000 -1.62000 1.47300
      vertex -0.06785 -1.51509 1.47300
      vertex 0.09619 -1.38426 1.47300
    endloop
  endfacet
  facet normal -0.971200 0.000000 0.238266
    outer loop
      vertex -0.06785 -1.51509 1.47300
      vertex -0.06785 -1.72491 1.47300
      vertex 0.15000 -1.62000 2.36100
    endloop
  endfacet
  facet normal -0.000000 0.000000 -1.000000
    outer loop
      vertex 0.15000 -1.62000 1.47300
      vertex -0.06785 -1.72491 1.47300
      vertex -0.06785 -1.51509 1.47300
    endloop
  endfacet
  facet normal -0.605533 -0.759315 0.238266
    outer loop
      vertex -0.06785 -1.72491 1.47300
      vertex 0.09619 -1.85574 1.47300
      vertex 0.15000 -1.62000 2.36100
    endloop
  endfacet
  facet normal 0.000000 0.000000 -1.000000
    outer loop
      vertex 0.15000 -1.62000 1.47300
      vertex 0.09619 -1.85574 1.47300
      vertex -0.06785 -1.72491 1.47300
    endloop
  endfacet
  facet normal 0.216112 -0.946850 0.238266
    outer loop
      vertex 0.09619 -1.85574 1.47300
      vertex 0.30076 -1.80905 1.47300
      vertex 0.15000 -1.62000 2.36100
    endloop
  endfacet
  facet normal 0.000000 -0.000000 -1.000000
    outer loop
      vertex 0.15000 -1.62000 1.47300
      vertex 0.30076 -1.80905 1.47300
      vertex 0.09619 -1.85574 1.47300
    endloop
  endfacet
  facet normal 0.875021 -0.421388 0.238266
    outer loop
      vertex 0.30076 -1.80905 1.47300
      vertex 0.39180 -1.62000 1.47300
      vertex 0.15000 -1.62000 2.36100
    endloop
  endfacet
  facet normal 0.000000 0.000000 -1.000000
    outer loop
      vertex 0.15000 -1.62000 1.47300
      vertex 0.39180 -1.62000 1.47300
      vertex 0.30076 -1.80905 1.47300
    endloop
  endfacet
  facet normal 0.866025 0.500000 0.000000
    outer loop
      vertex 1.99290 -1.44000 0.40000
      vertex 1.97145 -1.40285 0.40000
      vertex 1.97145 -1.40285 0.78750
    endloop
  endfacet
  facet normal 0.866025 0.500000 -0.000000
    outer loop
      vertex 1.99290 -1.44000 0.40000
      vertex 1.97145 -1.40285 0.78750
      vertex 1.99290 -1.44000 0.78750
    endloop
  endfacet
  facet normal 0.000000 0.000000 -1.000000
    outer loop
      vertex 1.95000 -1.44000 0.40000
      vertex 1.97145 -1.40285 0.40000
      vertex 1.99290 -1.44000 0.40000
    endloop
  endfacet
  facet normal 0.000000 0.000000 1.000000
    outer loop
      vertex 1.95000 -1.44000 0.78750
      vertex 1.99290 -1.44000 0.78750
      vertex 1.97145 -1.40285 0.78750
    endloop
  endfacet
  facet normal 0.000000 1.000000 0.000000
    outer loop
      vertex 1.97145 -1.40285 0.40000
      vertex 1.92855 -1.40285 0.40000
      vertex 1.92855 -1.40285 0.78750
    endloop
  endfacet
  facet normal 0.000000 1.000000 -0.000000
    outer loop
      vertex 1.97145 -1.40285 0.40000
      vertex 1.92855 -1.40285 0.78750
      vertex 1.97145 -1.40285 0.78750
    endloop
  endfacet
  facet normal 0.000000 0.000000 -1.000000
    outer loop
      vertex 1.95000 -1.44000 0.40000
      vertex 1.92855 -1.40285 0.40000
      vertex 1.97145 -1.40285 0.40000
    endloop
  endfacet
  facet normal 0.000000 -0.000000 1.000000
    outer loop
      vertex 1.95000 -1.44000 0.78750
      vertex 1.97145 -1.40285 0.78750
      vertex 1.92855 -1.40285 0.78750
    endloop
  endfacet
  facet normal -0.866025 0.500000 0.000000
    outer loop
      vertex 1.92855 -1.40285 0.40000
      vertex 1.90710 -1.44000 0.40000
      vertex 1.90710 -1.44000 0.78750
    endloop
  endfacet
  facet normal -0.866025 0.500000 0.000000
    outer loop
      vertex 1.92855 -1.40285 0.40000
      vertex 1.90710 -1.44000 0.78750
      vertex 1.92855 -1.40285 0.78750
    endloop
  endfacet
  facet normal 0.000000 0.000000 -1.000000
    outer loop
      vertex 1.95000 -1.44000 0.40000
      vertex 1.90710 -1.44000 0.40000
      vertex 1.92855 -1.40285 0.40000
    endloop
  endfacet
  facet normal 0.000000 0.000000 1.000000
    outer loop
      vertex 1.95000 -1.44000 0.78750
      vertex 1.92855 -1.40285 0.78750
      vertex 1.90710 -1.44000 0.78750
    endloop
  endfacet
  facet normal -0.866025 -0.500000 0.000000
    outer loop
      vertex 1.90710 -1.44000 0.40000
      vertex 1.92855 -1.47715 0.40000
      vertex 1.92855 -1.47715 0.78750
    endloop
  endfacet
  facet normal -0.866025 -0.500000 0.000000
    outer loop
      vertex 1.90710 -1.44000 0.40000
      vertex 1.92855 -1.47715 0.78750
      vertex 1.90710 -1.44000 0.78750
    endloop
  endfacet
  facet normal -0.000000 0.000000 -1.000000
    outer loop
      vertex 1.95000 -1.44000 0.40000
      vertex 1.92855 -1.47715 0.40000
      vertex 1.90710 -1.44000 0.40000
    endloop
  endfacet
  facet normal 0.000000 0.000000 1.000000
    outer loop
      vertex 1.95000 -1.44000 0.78750
      vertex 1.90710 -1.44000 0.78750
      vertex 1.92855 -1.47715 0.78750
    endloop
  endfacet
  facet normal 0.000000 -1.000000 0.000000
    outer loop
      vertex 1.92855 -1.47715 0.40000
      vertex 1.97145 -1.47715 0.40000
      vertex 1.97145 -1.47715 0.78750
    endloop
  endfacet
  facet normal 0.000000 -1.000000 0.000000
    outer loop
      vertex 1.92855 -1.47715 0.40000
      vertex 1.97145 -1.47715 0.78750
      vertex 1.92855 -1.47715 0.78750
    endloop
  endfacet
  facet normal 0.000000 -0.000000 -1.000000
    outer loop
      vertex 1.95000 -1.44000 0.40000
      vertex 1.97145 -1.47715 0.40000
      vertex 1.92855 -1.47715 0.40000
    endloop
  endfacet
  facet normal 0.000000 0.000000 1.000000
    outer loop
      vertex 1.95000 -1.44000 0.78750
      vertex 1.92855 -1.47715 0.78750
      vertex 1.97145 -1.47715 0.78750
    endloop
  endfacet
  facet normal 0.866025 -0.500000 0.000000
    outer loop
      vertex 1.97145 -1.47715 0.40000
      vertex 1.99290 -1.44000 0.40000
      vertex 1.99290 -1.44000 0.78750
    endloop
  endfacet
  facet normal 0.866025 -0.500000 0.000000
    outer loop
      vertex 1.97145 -1.47715 0.40000
      vertex 1.99290 -1.44000 0.78750
      vertex 1.97145 -1.47715 0.78750
    endloop
  endfacet
  facet normal 0.000000 0.000000 -1.000000
    outer loop
      vertex 1.95000 -1.44000 0.40000
      vertex 1.99290 -1.44000 0.40000
      vertex 1.97145 -1.47715 0.40000
    endloop
  endfacet
  facet normal -0.000000 0.000000 1.000000
    outer loop
      vertex 1.95000 -1.44000 0.78750
      vertex 1.97145 -1.47715 0.78750
      vertex 1.99290 -1.44000 0.78750
    endloop
  endfacet
  facet normal 0.836637 0.402903 0.371089
    outer loop
      vertex 2.28000 -1.44000 0.61700
      vertex 2.15575 -1.18200 0.61700
      vertex 1.95000 -1.44000 1.36100
    endloop
  endfacet
  facet normal 0.000000 0.000000 -1.000000
    outer loop
      vertex 1.95000 -1.44000 0.61700
      vertex 2.15575 -1.18200 0.61700
      vertex 2.28000 -1.44000 0.61700
    endloop
  endfacet
  facet normal 0.206632 0.905315 0.371089
    outer loop
      vertex 2.15575 -1.18200 0.61700
      vertex 1.87657 -1.11827 0.61700
      vertex 1.95000 -1.44000 1.36100
    endloop
  endfacet
  facet normal 0.000000 0.000000 -1.000000
    outer loop
      vertex 1.95000 -1.44000 0.61700
      vertex 1.87657 -1.11827 0.61700
      vertex 2.15575 -1.18200 0.61700
    endloop
  endfacet
  facet normal -0.578971 0.726007 0.371089
    outer loop
      vertex 1.87657 -1.11827 0.61700
      vertex 1.65268 -1.29682 0.61700
      vertex 1.95000 -1.44000 1.36100
    endloop
  endfacet
  facet normal 0.000000 0.000000 -1.000000
    outer loop
      vertex 1.95000 -1.44000 0.61700
      vertex 1.65268 -1.29682 0.61700
      vertex 1.87657 -1.11827 0.61700
    endloop
  endfacet
  facet normal -0.928597 0.000000 0.371089
    outer loop
      vertex 1.65268 -1.29682 0.61700
      vertex 1.65268 -1.58318 0.61700
      vertex 1.95000 -1.44000 1.36100
    endloop
  endfacet
  facet normal -0.000000 0.000000 -1.000000
    outer loop
      vertex 1.95000 -1.44000 0.61700
      vertex 1.65268 -1.58318 0.61700
      vertex 1.65268 -1.29682 0.61700
    endloop
  endfacet
  facet normal -0.578971 -0.726007 0.371089
    outer loop
      vertex 1.65268 -1.58318 0.61700
      vertex 1.87657 -1.76173 0.61700
      vertex 1.95000 -1.44000 1.36100
    endloop
  endfacet
  facet normal 0.000000 0.000000 -1.000000
    outer loop
      vertex 1.95000 -1.44000 0.61700
      vertex 1.87657 -1.76173 0.61700
      vertex 1.65268 -1.58318 0.61700
    endloop
  endfacet
  facet normal 0.206632 -0.905315 0.371089
    outer loop
      vertex 1.87657 -1.76173 0.61700
      vertex 2.15575 -1.69800 0.61700
      vertex 1.95000 -1.44000 1.36100
    endloop
  endfacet
  facet normal 0.000000 -0.000000 -1.000000
    outer loop
      vertex 1.95000 -1.44000 0.61700
      vertex 2.15575 -1.69800 0.61700
      vertex 1.87657 -1.76173 0.61700
    endloop
  endfacet
  facet normal 0.836637 -0.402903 0.371089
    outer loop
      vertex 2.15575 -1.69800 0.61700
      vertex 2.28000 -1.44000 0.61700
      vertex 1.95000 -1.44000 1.36100
    endloop
  endfacet
  facet normal 0.000000 0.000000 -1.000000
    outer loop
      vertex 1.95000 -1.44000 0.61700
      vertex 2.28000 -1.44000 0.61700
      vertex 2.15575 -1.69800 0.61700
    endloop
  endfacet
  facet normal 0.857180 0.412796 0.307963
    outer loop
      vertex 2.21730 -1.44000 0.95800
      vertex 2.11666 -1.23102 0.95800
      vertex 1.95000 -1.44000 1.70200
    endloop
  endfacet
  facet normal 0.000000 0.000000 -1.000000
    outer loop
      vertex 1.95000 -1.44000 0.95800
      vertex 2.11666 -1.23102 0.95800
      vertex 2.21730 -1.44000 0.95800
    endloop
  endfacet
  facet normal 0.211706 0.927545 0.307963
    outer loop
      vertex 2.11666 -1.23102 0.95800
      vertex 1.89052 -1.17940 0.95800
      vertex 1.95000 -1.44000 1.70200
    endloop
  endfacet
  facet normal 0.000000 0.000000 -1.000000
    outer loop
      vertex 1.95000 -1.44000 0.95800
      vertex 1.89052 -1.17940 0.95800
      vertex 2.11666 -1.23102 0.95800
    endloop
  endfacet
  facet normal -0.593187 0.743833 0.307963
    outer loop
      vertex 1.89052 -1.17940 0.95800
      vertex 1.70917 -1.32402 0.95800
      vertex 1.95000 -1.44000 1.70200
    endloop
  endfacet
  facet normal 0.000000 0.000000 -1.000000
    outer loop
      vertex 1.95000 -1.44000 0.95800
      vertex 1.70917 -1.32402 0.95800
      vertex 1.89052 -1.17940 0.95800
    endloop
  endfacet
  facet normal -0.951398 0.000000 0.307963
    outer loop
      vertex 1.70917 -1.32402 0.95800
      vertex 1.70917 -1.55598 0.95800
      vertex 1.95000 -1.44000 1.70200
    endloop
  endfacet
  facet normal -0.000000 0.000000 -1.000000
    outer loop
      vertex 1.95000 -1.44000 0.95800
      vertex 1.70917 -1.55598 0.95800
      vertex 1.70917 -1.32402 0.95800
    endloop
  endfacet
  facet normal -0.593187 -0.743833 0.307963
    outer loop
      vertex 1.70917 -1.55598 0.95800
      vertex 1.89052 -1.70060 0.95800
      vertex 1.95000 -1.44000 1.70200
    endloop
  endfacet
  facet normal 0.000000 0.000000 -1.000000
    outer loop
      vertex 1.95000 -1.44000 0.95800
      vertex 1.89052 -1.70060 0.95800
      vertex 1.70917 -1.55598 0.95800
    endloop
  endfacet
  facet normal 0.211706 -0.927545 0.307963
    outer loop
      vertex 1.89052 -1.70060 0.95800
      vertex 2.11666 -1.64898 0.95800
      vertex 1.95000 -1.44000 1.70200
    endloop
  endfacet
  facet normal 0.000000 -0.000000 -1.000000
    outer loop
      vertex 1.95000 -1.44000 0.95800
      vertex 2.11666 -1.64898 0.95800
      vertex 1.89052 -1.70060 0.95800
    endloop
  endfacet
  facet normal 0.857180 -0.412796 0.307963
    outer loop
      vertex 2.11666 -1.64898 0.95800
      vertex 2.21730 -1.44000 0.95800
      vertex 1.95000 -1.44000 1.70200
    endloop
  endfacet
  facet normal 0.000000 0.000000 -1.000000
    outer loop
      vertex 1.95000 -1.44000 0.95800
      vertex 2.21730 -1.44000 0.95800
      vertex 2.11666 -1.64898 0.95800
    endloop
  endfacet
  facet normal 0.874526 0.421149 0.240495
    outer loop
      vertex 2.15460 -1.44000 1.29900
      vertex 2.07757 -1.28004 1.29900
      vertex 1.95000 -1.44000 2.04300
    endloop
  endfacet
  facet normal 0.000000 0.000000 -1.000000
    outer loop
      vertex 1.95000 -1.44000 1.29900
      vertex 2.07757 -1.28004 1.29900
      vertex 2.15460 -1.44000 1.29900
    endloop
  endfacet
  facet normal 0.215990 0.946314 0.240495
    outer loop
      vertex 2.07757 -1.28004 1.29900
      vertex 1.90447 -1.24053 1.29900
      vertex 1.95000 -1.44000 2.04300
    endloop
  endfacet
  facet normal 0.000000 0.000000 -1.000000
    outer loop
      vertex 1.95000 -1.44000 1.29900
      vertex 1.90447 -1.24053 1.29900
      vertex 2.07757 -1.28004 1.29900
    endloop
  endfacet
  facet normal -0.605191 0.758885 0.240495
    outer loop
      vertex 1.90447 -1.24053 1.29900
      vertex 1.76566 -1.35123 1.29900
      vertex 1.95000 -1.44000 2.04300
    endloop
  endfacet
  facet normal 0.000000 0.000000 -1.000000
    outer loop
      vertex 1.95000 -1.44000 1.29900
      vertex 1.76566 -1.35123 1.29900
      vertex 1.90447 -1.24053 1.29900
    endloop
  endfacet
  facet normal -0.970650 0.000000 0.240495
    outer loop
      vertex 1.76566 -1.35123 1.29900
      vertex 1.76566 -1.52877 1.29900
      vertex 1.95000 -1.44000 2.04300
    endloop
  endfacet
  facet normal -0.000000 0.000000 -1.000000
    outer loop
      vertex 1.95000 -1.44000 1.29900
      vertex 1.76566 -1.52877 1.29900
      vertex 1.76566 -1.35123 1.29900
    endloop
  endfacet
  facet normal -0.605191 -0.758885 0.240495
    outer loop
      vertex 1.76566 -1.52877 1.29900
      vertex 1.90447 -1.63947 1.29900
      vertex 1.95000 -1.44000 2.04300
    endloop
  endfacet
  facet normal 0.000000 0.000000 -1.000000
    outer loop
      vertex 1.95000 -1.44000 1.29900
      vertex 1.90447 -1.63947 1.29900
      vertex 1.76566 -1.52877 1.29900
    endloop
  endfacet
  facet normal 0.215990 -0.946314 0.240495
    outer loop
      vertex 1.90447 -1.63947 1.29900
      vertex 2.07757 -1.59996 1.29900
      vertex 1.95000 -1.44000 2.04300
    endloop
  endfacet
  facet normal 0.000000 -0.000000 -1.000000
    outer loop
      vertex 1.95000 -1.44000 1.29900
      vertex 2.07757 -1.59996 1.29900
      vertex 1.90447 -1.63947 1.29900
    endloop
  endfacet
  facet normal 0.874526 -0.421149 0.240495
    outer loop
      vertex 2.07757 -1.59996 1.29900
      vertex 2.15460 -1.44000 1.29900
      vertex 1.95000 -1.44000 2.04300
    endloop
  endfacet
  facet normal 0.000000 0.000000 -1.000000
    outer loop
      vertex 1.95000 -1.44000 1.29900
      vertex 2.15460 -1.44000 1.29900
      vertex 2.07757 -1.59996 1.29900
    endloop
  endfacet
  facet normal 0.866025 0.500000 0.000000
    outer loop
      vertex 2.60200 -1.18000 0.40000
      vertex 2.57600 -1.13497 0.40000
      vertex 2.57600 -1.13497 0.87000
    endloop
  endfacet
  facet normal 0.866025 0.500000 -0.000000
    outer loop
      vertex 2.60200 -1.18000 0.40000
      vertex 2.57600 -1.13497 0.87000
      vertex 2.60200 -1.18000 0.87000
    endloop
  endfacet
  facet normal 0.000000 0.000000 -1.000000
    outer loop
      vertex 2.55000 -1.18000 0.40000
      vertex 2.57600 -1.13497 0.40000
      vertex 2.60200 -1.18000 0.40000
    endloop
  endfacet
  facet normal 0.000000 0.000000 1.000000
    outer loop
      vertex 2.55000 -1.18000 0.87000
      vertex 2.60200 -1.18000 0.87000
      vertex 2.57600 -1.13497 0.87000
    endloop
  endfacet
  facet normal 0.000000 1.000000 0.000000
    outer loop
      vertex 2.57600 -1.13497 0.40000
      vertex 2.52400 -1.13497 0.40000
      vertex 2.52400 -1.13497 0.87000
    endloop
  endfacet
  facet normal 0.000000 1.000000 -0.000000
    outer loop
      vertex 2.57600 -1.13497 0.40000
      vertex 2.52400 -1.13497 0.87000
      vertex 2.57600 -1.13497 0.87000
    endloop
  endfacet
  facet normal 0.000000 0.000000 -1.000000
    outer loop
      vertex 2.55000 -1.18000 0.40000
      vertex 2.52400 -1.13497 0.40000
      vertex 2.57600 -1.13497 0.40000
    endloop
  endfacet
  facet normal 0.000000 -0.000000 1.000000
    outer loop
      vertex 2.55000 -1.18000 0.87000
      vertex 2.57600 -1.13497 0.87000
      vertex 2.52400 -1.13497 0.87000
    endloop
  endfacet
  facet normal -0.866025 0.500000 0.000000
    outer loop
      vertex 2.52400 -1.13497 0.40000
      vertex 2.49800 -1.18000 0.40000
      vertex 2.49800 -1.18000 0.87000
    endloop
  endfacet
  facet normal -0.866025 0.500000 0.000000
    outer loop
      vertex 2.52400 -1.13497 0.40000
      vertex 2.49800 -1.18000 0.87000
      vertex 2.52400 -1.13497 0.87000
    endloop
  endfacet
  facet normal 0.000000 0.000000 -1.000000
    outer loop
      vertex 2.55000 -1.18000 0.40000
      vertex 2.49800 -1.18000 0.40000
      vertex 2.52400 -1.13497 0.40000
    endloop
  endfacet
  facet normal 0.000000 0.000000 1.000000
    outer loop
      vertex 2.55000 -1.18000 0.87000
      vertex 2.52400 -1.13497 0.87000
      vertex 2.49800 -1.18000 0.87000
    endloop
  endfacet
  facet normal -0.866025 -0.500000 0.000000
    outer loop
      vertex 2.49800 -1.18000 0.40000
      vertex 2.52400 -1.22503 0.40000
      vertex 2.52400 -1.22503 0.87000
    endloop
  endfacet
  facet normal -0.866025 -0.500000 0.000000
    outer loop
      vertex 2.49800 -1.18000 0.40000
      vertex 2.52400 -1.22503 0.87000
      vertex 2.49800 -1.18000 0.87000
    endloop
  endfacet
  facet normal -0.000000 0.000000 -1.000000
    outer loop
      vertex 2.55000 -1.18000 0.40000
      vertex 2.52400 -1.22503 0.40000
      vertex 2.49800 -1.18000 0.40000
    endloop
  endfacet
  facet normal 0.000000 0.000000 1.000000
    outer loop
      vertex 2.55000 -1.18000 0.87000
      vertex 2.49800 -1.18000 0.87000
      vertex 2.52400 -1.22503 0.87000
    endloop
  endfacet
  facet normal 0.000000 -1.000000 0.000000
    outer loop
      vertex 2.52400 -1.22503 0.40000
      vertex 2.57600 -1.22503 0.40000
      vertex 2.57600 -1.22503 0.87000
    endloop
  endfacet
  facet normal 0.000000 -1.000000 0.000000
    outer loop
      vertex 2.52400 -1.22503 0.40000
      vertex 2.57600 -1.22503 0.87000
      vertex 2.52400 -1.22503 0.87000
    endloop
  endfacet
  facet normal 0.000000 -0.000000 -1.000000
    outer loop
      vertex 2.55000 -1.18000 0.40000
      vertex 2.57600 -1.22503 0.40000
      vertex 2.52400 -1.22503 0.40000
    endloop
  endfacet
  facet normal 0.000000 0.000000 1.000000
    outer loop
      vertex 2.55000 -1.18000 0.87000
      vertex 2.52400 -1.22503 0.87000
      vertex 2.57600 -1.22503 0.87000
    endloop
  endfacet
  facet normal 0.866025 -0.500000 0.000000
    outer loop
      vertex 2.57600 -1.22503 0.40000
      vertex 2.60200 -1.18000 0.40000
      vertex 2.60200 -1.18000 0.87000
    endloop
  endfacet
  facet normal 0.866025 -0.500000 0.000000
    outer loop
      vertex 2.57600 -1.22503 0.40000
      vertex 2.60200 -1.18000 0.87000
      vertex 2.57600 -1.22503 0.87000
    endloop
  endfacet
  facet normal 0.000000 0.000000 -1.000000
    outer loop
      vertex 2.55000 -1.18000 0.40000
      vertex 2.60200 -1.18000 0.40000
      vertex 2.57600 -1.22503 0.40000
    endloop
  endfacet
  facet normal -0.000000 0.000000 1.000000
    outer loop
      vertex 2.55000 -1.18000 0.87000
      vertex 2.57600 -1.22503 0.87000
      vertex 2.60200 -1.18000 0.87000
    endloop
  endfacet
  facet normal 0.836711 0.402939 0.370883
    outer loop
      vertex 2.95000 -1.18000 0.66320
      vertex 2.79940 -0.86727 0.66320
      vertex 2.55000 -1.18000 1.56560
    endloop
  endfacet
  facet normal 0.000000 0.000000 -1.000000
    outer loop
      vertex 2.55000 -1.18000 0.66320
      vertex 2.79940 -0.86727 0.66320
      vertex 2.95000 -1.18000 0.66320
    endloop
  endfacet
  facet normal 0.206651 0.905396 0.370883
    outer loop
      vertex 2.79940 -0.86727 0.66320
      vertex 2.46099 -0.79003 0.66320
      vertex 2.55000 -1.18000 1.56560
    endloop
  endfacet
  facet normal 0.000000 0.000000 -1.000000
    outer loop
      vertex 2.55000 -1.18000 0.66320
      vertex 2.46099 -0.79003 0.66320
      vertex 2.79940 -0.86727 0.66320
    endloop
  endfacet
  facet normal -0.579022 0.726071 0.370883
    outer loop
      vertex 2.46099 -0.79003 0.66320
      vertex 2.18961 -1.00645 0.66320
      vertex 2.55000 -1.18000 1.56560
    endloop
  endfacet
  facet normal 0.000000 0.000000 -1.000000
    outer loop
      vertex 2.55000 -1.18000 0.66320
      vertex 2.18961 -1.00645 0.66320
      vertex 2.46099 -0.79003 0.66320
    endloop
  endfacet
  facet normal -0.928680 0.000000 0.370883
    outer loop
      vertex 2.18961 -1.00645 0.66320
      vertex 2.18961 -1.35355 0.66320
      vertex 2.55000 -1.18000 1.56560
    endloop
  endfacet
  facet normal -0.000000 0.000000 -1.000000
    outer loop
      vertex 2.55000 -1.18000 0.66320
      vertex 2.18961 -1.35355 0.66320
      vertex 2.18961 -1.00645 0.66320
    endloop
  endfacet
  facet normal -0.579022 -0.726071 0.370883
    outer loop
      vertex 2.18961 -1.35355 0.66320
      vertex 2.46099 -1.56997 0.66320
      vertex 2.55000 -1.18000 1.56560
    endloop
  endfacet
  facet normal 0.000000 0.000000 -1.000000
    outer loop
      vertex 2.55000 -1.18000 0.66320
      vertex 2.46099 -1.56997 0.66320
      vertex 2.18961 -1.35355 0.66320
    endloop
  endfacet
  facet normal 0.206651 -0.905396 0.370883
    outer loop
      vertex 2.46099 -1.56997 0.66320
      vertex 2.79940 -1.49273 0.66320
      vertex 2.55000 -1.18000 1.56560
    endloop
  endfacet
  facet normal 0.000000 -0.000000 -1.000000
    outer loop
      vertex 2.55000 -1.18000 0.66320
      vertex 2.79940 -1.49273 0.66320
      vertex 2.46099 -1.56997 0.66320
    endloop
  endfacet
  facet normal 0.836711 -0.402939 0.370883
    outer loop
      vertex 2.79940 -1.49273 0.66320
      vertex 2.95000 -1.18000 0.66320
      vertex 2.55000 -1.18000 1.56560
    endloop
  endfacet
  facet normal 0.000000 0.000000 -1.000000
    outer loop
      vertex 2.55000 -1.18000 0.66320
      vertex 2.95000 -1.18000 0.66320
      vertex 2.79940 -1.49273 0.66320
    endloop
  endfacet
  facet normal 0.857233 0.412822 0.307783
    outer loop
      vertex 2.87400 -1.18000 1.07680
      vertex 2.75201 -0.92669 1.07680
      vertex 2.55000 -1.18000 1.97920
    endloop
  endfacet
  facet normal 0.000000 0.000000 -1.000000
    outer loop
      vertex 2.55000 -1.18000 1.07680
      vertex 2.75201 -0.92669 1.07680
      vertex 2.87400 -1.18000 1.07680
    endloop
  endfacet
  facet normal 0.211719 0.927602 0.307783
    outer loop
      vertex 2.75201 -0.92669 1.07680
      vertex 2.47790 -0.86412 1.07680
      vertex 2.55000 -1.18000 1.97920
    endloop
  endfacet
  facet normal 0.000000 0.000000 -1.000000
    outer loop
      vertex 2.55000 -1.18000 1.07680
      vertex 2.47790 -0.86412 1.07680
      vertex 2.75201 -0.92669 1.07680
    endloop
  endfacet
  facet normal -0.593223 0.743879 0.307783
    outer loop
      vertex 2.47790 -0.86412 1.07680
      vertex 2.25809 -1.03942 1.07680
      vertex 2.55000 -1.18000 1.97920
    endloop
  endfacet
  facet normal 0.000000 0.000000 -1.000000
    outer loop
      vertex 2.55000 -1.18000 1.07680
      vertex 2.25809 -1.03942 1.07680
      vertex 2.47790 -0.86412 1.07680
    endloop
  endfacet
  facet normal -0.951457 0.000000 0.307783
    outer loop
      vertex 2.25809 -1.03942 1.07680
      vertex 2.25809 -1.32058 1.07680
      vertex 2.55000 -1.18000 1.97920
    endloop
  endfacet
  facet normal -0.000000 0.000000 -1.000000
    outer loop
      vertex 2.55000 -1.18000 1.07680
      vertex 2.25809 -1.32058 1.07680
      vertex 2.25809 -1.03942 1.07680
    endloop
  endfacet
  facet normal -0.593223 -0.743879 0.307783
    outer loop
      vertex 2.25809 -1.32058 1.07680
      vertex 2.47790 -1.49588 1.07680
      vertex 2.55000 -1.18000 1.97920
    endloop
  endfacet
  facet normal 0.000000 0.000000 -1.000000
    outer loop
      vertex 2.55000 -1.18000 1.07680
      vertex 2.47790 -1.49588 1.07680
      vertex 2.25809 -1.32058 1.07680
    endloop
  endfacet
  facet normal 0.211719 -0.927602 0.307783
    outer loop
      vertex 2.47790 -1.49588 1.07680
      vertex 2.75201 -1.43331 1.07680
      vertex 2.55000 -1.18000 1.97920
    endloop
  endfacet
  facet normal 0.000000 -0.000000 -1.000000
    outer loop
      vertex 2.55000 -1.18000 1.07680
      vertex 2.75201 -1.43331 1.07680
      vertex 2.47790 -1.49588 1.07680
    endloop
  endfacet
  facet normal 0.857233 -0.412822 0.307783
    outer loop
      vertex 2.75201 -1.43331 1.07680
      vertex 2.87400 -1.18000 1.07680
      vertex 2.55000 -1.18000 1.97920
    endloop
  endfacet
  facet normal 0.000000 0.000000 -1.000000
    outer loop
      vertex 2.55000 -1.18000 1.07680
      vertex 2.87400 -1.18000 1.07680
      vertex 2.75201 -1.43331 1.07680
    endloop
  endfacet
  facet normal 0.874558 0.421165 0.240349
    outer loop
      vertex 2.79800 -1.18000 1.49040
      vertex 2.70463 -0.98611 1.49040
      vertex 2.55000 -1.18000 2.39280
    endloop
  endfacet
  facet normal 0.000000 0.000000 -1.000000
    outer loop
      vertex 2.55000 -1.18000 1.49040
      vertex 2.70463 -0.98611 1.49040
      vertex 2.79800 -1.18000 1.49040
    endloop
  endfacet
  facet normal 0.215998 0.946350 0.240349
    outer loop
      vertex 2.70463 -0.98611 1.49040
      vertex 2.49481 -0.93822 1.49040
      vertex 2.55000 -1.18000 2.39280
    endloop
  endfacet
  facet normal 0.000000 0.000000 -1.000000
    outer loop
      vertex 2.55000 -1.18000 1.49040
      vertex 2.49481 -0.93822 1.49040
      vertex 2.70463 -0.98611 1.49040
    endloop
  endfacet
  facet normal -0.605213 0.758913 0.240349
    outer loop
      vertex 2.49481 -0.93822 1.49040
      vertex 2.32656 -1.07240 1.49040
      vertex 2.55000 -1.18000 2.39280
    endloop
  endfacet
  facet normal 0.000000 0.000000 -1.000000
    outer loop
      vertex 2.55000 -1.18000 1.49040
      vertex 2.32656 -1.07240 1.49040
      vertex 2.49481 -0.93822 1.49040
    endloop
  endfacet
  facet normal -0.970687 0.000000 0.240349
    outer loop
      vertex 2.32656 -1.07240 1.49040
      vertex 2.32656 -1.28760 1.49040
      vertex 2.55000 -1.18000 2.39280
    endloop
  endfacet
  facet normal -0.000000 0.000000 -1.000000
    outer loop
      vertex 2.55000 -1.18000 1.49040
      vertex 2.32656 -1.28760 1.49040
      vertex 2.32656 -1.07240 1.49040
    endloop
  endfacet
  facet normal -0.605213 -0.758913 0.240349
    outer loop
      vertex 2.32656 -1.28760 1.49040
      vertex 2.49481 -1.42178 1.49040
      vertex 2.55000 -1.18000 2.39280
    endloop
  endfacet
  facet normal 0.000000 0.000000 -1.000000
    outer loop
      vertex 2.55000 -1.18000 1.49040
      vertex 2.49481 -1.42178 1.49040
      vertex 2.32656 -1.28760 1.49040
    endloop
  endfacet
  facet normal 0.215998 -0.946350 0.240349
    outer loop
      vertex 2.49481 -1.42178 1.49040
      vertex 2.70463 -1.37389 1.49040
      vertex 2.55000 -1.18000 2.39280
    endloop
  endfacet
  facet normal 0.000000 -0.000000 -1.000000
    outer loop
      vertex 2.55000 -1.18000 1.49040
      vertex 2.70463 -1.37389 1.49040
      vertex 2.49481 -1.42178 1.49040
    endloop
  endfacet
  facet normal 0.874558 -0.421165 0.240349
    outer loop
      vertex 2.70463 -1.37389 1.49040
      vertex 2.79800 -1.18000 1.49040
      vertex 2.55000 -1.18000 2.39280
    endloop
  endfacet
  facet normal 0.000000 0.000000 -1.000000
    outer loop
      vertex 2.55000 -1.18000 1.49040
      vertex 2.79800 -1.18000 1.49040
      vertex 2.70463 -1.37389 1.49040
    endloop
  endfacet
  facet normal 0.866025 0.500000 0.000000
    outer loop
      vertex 3.21770 -0.82000 0.40000
      vertex 3.19885 -0.78735 0.40000
      vertex 3.19885 -0.78735 0.73750
    endloop
  endfacet
  facet normal 0.866025 0.500000 -0.000000
    outer loop
      vertex 3.21770 -0.82000 0.40000
      vertex 3.19885 -0.78735 0.73750
      vertex 3.21770 -0.82000 0.73750
    endloop
  endfacet
  facet normal 0.000000 0.000000 -1.000000
    outer loop
      vertex 3.18000 -0.82000 0.40000
      vertex 3.19885 -0.78735 0.40000
      vertex 3.21770 -0.82000 0.40000
    endloop
  endfacet
  facet normal 0.000000 0.000000 1.000000
    outer loop
      vertex 3.18000 -0.82000 0.73750
      vertex 3.21770 -0.82000 0.73750
      vertex 3.19885 -0.78735 0.73750
    endloop
  endfacet
  facet normal 0.000000 1.000000 0.000000
    outer loop
      vertex 3.19885 -0.78735 0.40000
      vertex 3.16115 -0.78735 0.40000
      vertex 3.16115 -0.78735 0.73750
    endloop
  endfacet
  facet normal 0.000000 1.000000 -0.000000
    outer loop
      vertex 3.19885 -0.78735 0.40000
      vertex 3.16115 -0.78735 0.73750
      vertex 3.19885 -0.78735 0.73750
    endloop
  endfacet
  facet normal 0.000000 0.000000 -1.000000
    outer loop
      vertex 3.18000 -0.82000 0.40000
      vertex 3.16115 -0.78735 0.40000
      vertex 3.19885 -0.78735 0.40000
    endloop
  endfacet
  facet normal 0.000000 -0.000000 1.000000
    outer loop
      vertex 3.18000 -0.82000 0.73750
      vertex 3.19885 -0.78735 0.73750
      vertex 3.16115 -0.78735 0.73750
    endloop
  endfacet
  facet normal -0.866025 0.500000 0.000000
    outer loop
      vertex 3.16115 -0.78735 0.40000
      vertex 3.14230 -0.82000 0.40000
      vertex 3.14230 -0.82000 0.73750
    endloop
  endfacet
  facet normal -0.866025 0.500000 0.000000
    outer loop
      vertex 3.16115 -0.78735 0.40000
      vertex 3.14230 -0.82000 0.73750
      vertex 3.16115 -0.78735 0.73750
    endloop
  endfacet
  facet normal 0.000000 0.000000 -1.000000
    outer loop
      vertex 3.18000 -0.82000 0.40000
      vertex 3.14230 -0.82000 0.40000
      vertex 3.16115 -0.78735 0.40000
    endloop
  endfacet
  facet normal 0.000000 0.000000 1.000000
    outer loop
      vertex 3.18000 -0.82000 0.73750
      vertex 3.16115 -0.78735 0.73750
      vertex 3.14230 -0.82000 0.73750
    endloop
  endfacet
  facet normal -0.866025 -0.500000 0.000000
    outer loop
      vertex 3.14230 -0.82000 0.40000
      vertex 3.16115 -0.85265 0.40000
      vertex 3.16115 -0.85265 0.73750
    endloop
  endfacet
  facet normal -0.866025 -0.500000 0.000000
    outer loop
      vertex 3.14230 -0.82000 0.40000
      vertex 3.16115 -0.85265 0.73750
      vertex 3.14230 -0.82000 0.73750
    endloop
  endfacet
  facet normal -0.000000 0.000000 -1.000000
    outer loop
      vertex 3.18000 -0.82000 0.40000
      vertex 3.16115 -0.85265 0.40000
      vertex 3.14230 -0.82000 0.40000
    endloop
  endfacet
  facet normal 0.000000 0.000000 1.000000
    outer loop
      vertex 3.18000 -0.82000 0.73750
      vertex 3.14230 -0.82000 0.73750
      vertex 3.16115 -0.85265 0.73750
    endloop
  endfacet
  facet normal 0.000000 -1.000000 0.000000
    outer loop
      vertex 3.16115 -0.85265 0.40000
      vertex 3.19885 -0.85265 0.40000
      vertex 3.19885 -0.85265 0.73750
    endloop
  endfacet
  facet normal 0.000000 -1.000000 0.000000
    outer loop
      vertex 3.16115 -0.85265 0.40000
      vertex 3.19885 -0.85265 0.73750
      vertex 3.16115 -0.85265 0.73750
    endloop
  endfacet
  facet normal 0.000000 -0.000000 -1.000000
    outer loop
      vertex 3.18000 -0.82000 0.40000
      vertex 3.19885 -0.85265 0.40000
      vertex 3.16115 -0.85265 0.40000
    endloop
  endfacet
  facet normal 0.000000 0.000000 1.000000
    outer loop
      vertex 3.18000 -0.82000 0.73750
      vertex 3.16115 -0.85265 0.73750
      vertex 3.19885 -0.85265 0.73750
    endloop
  endfacet
  facet normal 0.866025 -0.500000 0.000000
    outer loop
      vertex 3.19885 -0.85265 0.40000
      vertex 3.21770 -0.82000 0.40000
      vertex 3.21770 -0.82000 0.73750
    endloop
  endfacet
  facet normal 0.866025 -0.500000 0.000000
    outer loop
      vertex 3.19885 -0.85265 0.40000
      vertex 3.21770 -0.82000 0.73750
      vertex 3.19885 -0.85265 0.73750
    endloop
  endfacet
  facet normal 0.000000 0.000000 -1.000000
    outer loop
      vertex 3.18000 -0.82000 0.40000
      vertex 3.21770 -0.82000 0.40000
      vertex 3.19885 -0.85265 0.40000
    endloop
  endfacet
  facet normal -0.000000 0.000000 1.000000
    outer loop
      vertex 3.18000 -0.82000 0.73750
      vertex 3.19885 -0.85265 0.73750
      vertex 3.21770 -0.82000 0.73750
    endloop
  endfacet
  facet normal 0.835600 0.402404 0.373957
    outer loop
      vertex 3.47000 -0.82000 0.58900
      vertex 3.36081 -0.59327 0.58900
      vertex 3.18000 -0.82000 1.23700
    endloop
  endfacet
  facet normal 0.000000 0.000000 -1.000000
    outer loop
      vertex 3.18000 -0.82000 0.58900
      vertex 3.36081 -0.59327 0.58900
      vertex 3.47000 -0.82000 0.58900
    endloop
  endfacet
  facet normal 0.206376 0.904193 0.373957
    outer loop
      vertex 3.36081 -0.59327 0.58900
      vertex 3.11547 -0.53727 0.58900
      vertex 3.18000 -0.82000 1.23700
    endloop
  endfacet
  facet normal 0.000000 0.000000 -1.000000
    outer loop
      vertex 3.18000 -0.82000 0.58900
      vertex 3.11547 -0.53727 0.58900
      vertex 3.36081 -0.59327 0.58900
    endloop
  endfacet
  facet normal -0.578253 0.725107 0.373957
    outer loop
      vertex 3.11547 -0.53727 0.58900
      vertex 2.91872 -0.69417 0.58900
      vertex 3.18000 -0.82000 1.23700
    endloop
  endfacet
  facet normal 0.000000 0.000000 -1.000000
    outer loop
      vertex 3.18000 -0.82000 0.58900
      vertex 2.91872 -0.69417 0.58900
      vertex 3.11547 -0.53727 0.58900
    endloop
  endfacet
  facet normal -0.927446 0.000000 0.373957
    outer loop
      vertex 2.91872 -0.69417 0.58900
      vertex 2.91872 -0.94583 0.58900
      vertex 3.18000 -0.82000 1.23700
    endloop
  endfacet
  facet normal -0.000000 0.000000 -1.000000
    outer loop
      vertex 3.18000 -0.82000 0.58900
      vertex 2.91872 -0.94583 0.58900
      vertex 2.91872 -0.69417 0.58900
    endloop
  endfacet
  facet normal -0.578253 -0.725107 0.373957
    outer loop
      vertex 2.91872 -0.94583 0.58900
      vertex 3.11547 -1.10273 0.58900
      vertex 3.18000 -0.82000 1.23700
    endloop
  endfacet
  facet normal 0.000000 0.000000 -1.000000
    outer loop
      vertex 3.18000 -0.82000 0.58900
      vertex 3.11547 -1.10273 0.58900
      vertex 2.91872 -0.94583 0.58900
    endloop
  endfacet
  facet normal 0.206376 -0.904193 0.373957
    outer loop
      vertex 3.11547 -1.10273 0.58900
      vertex 3.36081 -1.04673 0.58900
      vertex 3.18000 -0.82000 1.23700
    endloop
  endfacet
  facet normal 0.000000 -0.000000 -1.000000
    outer loop
      vertex 3.18000 -0.82000 0.58900
      vertex 3.36081 -1.04673 0.58900
      vertex 3.11547 -1.10273 0.58900
    endloop
  endfacet
  facet normal 0.835600 -0.402404 0.373957
    outer loop
      vertex 3.36081 -1.04673 0.58900
      vertex 3.47000 -0.82000 0.58900
      vertex 3.18000 -0.82000 1.23700
    endloop
  endfacet
  facet normal 0.000000 0.000000 -1.000000
    outer loop
      vertex 3.18000 -0.82000 0.58900
      vertex 3.47000 -0.82000 0.58900
      vertex 3.36081 -1.04673 0.58900
    endloop
  endfacet
  facet normal 0.856448 0.412444 0.310462
    outer loop
      vertex 3.41490 -0.82000 0.88600
      vertex 3.32646 -0.63635 0.88600
      vertex 3.18000 -0.82000 1.53400
    endloop
  endfacet
  facet normal 0.000000 0.000000 -1.000000
    outer loop
      vertex 3.18000 -0.82000 0.88600
      vertex 3.32646 -0.63635 0.88600
      vertex 3.41490 -0.82000 0.88600
    endloop
  endfacet
  facet normal 0.211525 0.926752 0.310462
    outer loop
      vertex 3.32646 -0.63635 0.88600
      vertex 3.12773 -0.59099 0.88600
      vertex 3.18000 -0.82000 1.53400
    endloop
  endfacet
  facet normal 0.000000 0.000000 -1.000000
    outer loop
      vertex 3.18000 -0.82000 0.88600
      vertex 3.12773 -0.59099 0.88600
      vertex 3.32646 -0.63635 0.88600
    endloop
  endfacet
  facet normal -0.592680 0.743198 0.310462
    outer loop
      vertex 3.12773 -0.59099 0.88600
      vertex 2.96836 -0.71808 0.88600
      vertex 3.18000 -0.82000 1.53400
    endloop
  endfacet
  facet normal 0.000000 0.000000 -1.000000
    outer loop
      vertex 3.18000 -0.82000 0.88600
      vertex 2.96836 -0.71808 0.88600
      vertex 3.12773 -0.59099 0.88600
    endloop
  endfacet
  facet normal -0.950586 0.000000 0.310462
    outer loop
      vertex 2.96836 -0.71808 0.88600
      vertex 2.96836 -0.92192 0.88600
      vertex 3.18000 -0.82000 1.53400
    endloop
  endfacet
  facet normal -0.000000 0.000000 -1.000000
    outer loop
      vertex 3.18000 -0.82000 0.88600
      vertex 2.96836 -0.92192 0.88600
      vertex 2.96836 -0.71808 0.88600
    endloop
  endfacet
  facet normal -0.592680 -0.743198 0.310462
    outer loop
      vertex 2.96836 -0.92192 0.88600
      vertex 3.12773 -1.04901 0.88600
      vertex 3.18000 -0.82000 1.53400
    endloop
  endfacet
  facet normal 0.000000 0.000000 -1.000000
    outer loop
      vertex 3.18000 -0.82000 0.88600
      vertex 3.12773 -1.04901 0.88600
      vertex 2.96836 -0.92192 0.88600
    endloop
  endfacet
  facet normal 0.211525 -0.926752 0.310462
    outer loop
      vertex 3.12773 -1.04901 0.88600
      vertex 3.32646 -1.00365 0.88600
      vertex 3.18000 -0.82000 1.53400
    endloop
  endfacet
  facet normal 0.000000 -0.000000 -1.000000
    outer loop
      vertex 3.18000 -0.82000 0.88600
      vertex 3.32646 -1.00365 0.88600
      vertex 3.12773 -1.04901 0.88600
    endloop
  endfacet
  facet normal 0.856448 -0.412444 0.310462
    outer loop
      vertex 3.32646 -1.00365 0.88600
      vertex 3.41490 -0.82000 0.88600
      vertex 3.18000 -0.82000 1.53400
    endloop
  endfacet
  facet normal 0.000000 0.000000 -1.000000
    outer loop
      vertex 3.18000 -0.82000 0.88600
      vertex 3.41490 -0.82000 0.88600
      vertex 3.32646 -1.00365 0.88600
    endloop
  endfacet
  facet normal 0.874070 0.420930 0.242527
    outer loop
      vertex 3.35980 -0.82000 1.18300
      vertex 3.29210 -0.67943 1.18300
      vertex 3.18000 -0.82000 1.83100
    endloop
  endfacet
  facet normal 0.000000 0.000000 -1.000000
    outer loop
      vertex 3.18000 -0.82000 1.18300
      vertex 3.29210 -0.67943 1.18300
      vertex 3.35980 -0.82000 1.18300
    endloop
  endfacet
  facet normal 0.215877 0.945821 0.242527
    outer loop
      vertex 3.29210 -0.67943 1.18300
      vertex 3.13999 -0.64471 1.18300
      vertex 3.18000 -0.82000 1.83100
    endloop
  endfacet
  facet normal 0.000000 0.000000 -1.000000
    outer loop
      vertex 3.18000 -0.82000 1.18300
      vertex 3.13999 -0.64471 1.18300
      vertex 3.29210 -0.67943 1.18300
    endloop
  endfacet
  facet normal -0.604875 0.758490 0.242527
    outer loop
      vertex 3.13999 -0.64471 1.18300
      vertex 3.01801 -0.74199 1.18300
      vertex 3.18000 -0.82000 1.83100
    endloop
  endfacet
  facet normal 0.000000 0.000000 -1.000000
    outer loop
      vertex 3.18000 -0.82000 1.18300
      vertex 3.01801 -0.74199 1.18300
      vertex 3.13999 -0.64471 1.18300
    endloop
  endfacet
  facet normal -0.970145 0.000000 0.242527
    outer loop
      vertex 3.01801 -0.74199 1.18300
      vertex 3.01801 -0.89801 1.18300
      vertex 3.18000 -0.82000 1.83100
    endloop
  endfacet
  facet normal -0.000000 0.000000 -1.000000
    outer loop
      vertex 3.18000 -0.82000 1.18300
      vertex 3.01801 -0.89801 1.18300
      vertex 3.01801 -0.74199 1.18300
    endloop
  endfacet
  facet normal -0.604875 -0.758490 0.242527
    outer loop
      vertex 3.01801 -0.89801 1.18300
      vertex 3.13999 -0.99529 1.18300
      vertex 3.18000 -0.82000 1.83100
    endloop
  endfacet
  facet normal 0.000000 0.000000 -1.000000
    outer loop
      vertex 3.18000 -0.82000 1.18300
      vertex 3.13999 -0.99529 1.18300
      vertex 3.01801 -0.89801 1.18300
    endloop
  endfacet
  facet normal 0.215877 -0.945821 0.242527
    outer loop
      vertex 3.13999 -0.99529 1.18300
      vertex 3.29210 -0.96057 1.18300
      vertex 3.18000 -0.82000 1.83100
    endloop
  endfacet
  facet normal 0.000000 -0.000000 -1.000000
    outer loop
      vertex 3.18000 -0.82000 1.18300
      vertex 3.29210 -0.96057 1.18300
      vertex 3.13999 -0.99529 1.18300
    endloop
  endfacet
  facet normal 0.874070 -0.420930 0.242527
    outer loop
      vertex 3.29210 -0.96057 1.18300
      vertex 3.35980 -0.82000 1.18300
      vertex 3.18000 -0.82000 1.83100
    endloop
  endfacet
  facet normal 0.000000 0.000000 -1.000000
    outer loop
      vertex 3.18000 -0.82000 1.18300
      vertex 3.35980 -0.82000 1.18300
      vertex 3.29210 -0.96057 1.18300
    endloop
  endfacet
  facet normal 0.866025 0.500000 0.000000
    outer loop
      vertex -3.41360 -0.55000 0.40000
      vertex -3.43180 -0.51848 0.40000
      vertex -3.43180 -0.51848 0.72500
    endloop
  endfacet
  facet normal 0.866025 0.500000 -0.000000
    outer loop
      vertex -3.41360 -0.55000 0.40000
      vertex -3.43180 -0.51848 0.72500
      vertex -3.41360 -0.55000 0.72500
    endloop
  endfacet
  facet normal 0.000000 0.000000 -1.000000
    outer loop
      vertex -3.45000 -0.55000 0.40000
      vertex -3.43180 -0.51848 0.40000
      vertex -3.41360 -0.55000 0.40000
    endloop
  endfacet
  facet normal 0.000000 0.000000 1.000000
    outer loop
      vertex -3.45000 -0.55000 0.72500
      vertex -3.41360 -0.55000 0.72500
      vertex -3.43180 -0.51848 0.72500
    endloop
  endfacet
  facet normal 0.000000 1.000000 0.000000
    outer loop
      vertex -3.43180 -0.51848 0.40000
      vertex -3.46820 -0.51848 0.40000
      vertex -3.46820 -0.51848 0.72500
    endloop
  endfacet
  facet normal 0.000000 1.000000 -0.000000
    outer loop
      vertex -3.43180 -0.51848 0.40000
      vertex -3.46820 -0.51848 0.72500
      vertex -3.43180 -0.51848 0.72500
    endloop
  endfacet
  facet normal 0.000000 0.000000 -1.000000
    outer loop
      vertex -3.45000 -0.55000 0.40000
      vertex -3.46820 -0.51848 0.40000
      vertex -3.43180 -0.51848 0.40000
    endloop
  endfacet
  facet normal 0.000000 -0.000000 1.000000
    outer loop
      vertex -3.45000 -0.55000 0.72500
      vertex -3.43180 -0.51848 0.72500
      vertex -3.46820 -0.51848 0.72500
    endloop
  endfacet
  facet normal -0.866025 0.500000 0.000000
    outer loop
      vertex -3.46820 -0.51848 0.40000
      vertex -3.48640 -0.55000 0.40000
      vertex -3.48640 -0.55000 0.72500
    endloop
  endfacet
  facet normal -0.866025 0.500000 0.000000
    outer loop
      vertex -3.46820 -0.51848 0.40000
      vertex -3.48640 -0.55000 0.72500
      vertex -3.46820 -0.51848 0.72500
    endloop
  endfacet
  facet normal 0.000000 0.000000 -1.000000
    outer loop
      vertex -3.45000 -0.55000 0.40000
      vertex -3.48640 -0.55000 0.40000
      vertex -3.46820 -0.51848 0.40000
    endloop
  endfacet
  facet normal 0.000000 0.000000 1.000000
    outer loop
      vertex -3.45000 -0.55000 0.72500
      vertex -3.46820 -0.51848 0.72500
      vertex -3.48640 -0.55000 0.72500
    endloop
  endfacet
  facet normal -0.866025 -0.500000 0.000000
    outer loop
      vertex -3.48640 -0.55000 0.40000
      vertex -3.46820 -0.58152 0.40000
      vertex -3.46820 -0.58152 0.72500
    endloop
  endfacet
  facet normal -0.866025 -0.500000 0.000000
    outer loop
      vertex -3.48640 -0.55000 0.40000
      vertex -3.46820 -0.58152 0.72500
      vertex -3.48640 -0.55000 0.72500
    endloop
  endfacet
  facet normal -0.000000 0.000000 -1.000000
    outer loop
      vertex -3.45000 -0.55000 0.40000
      vertex -3.46820 -0.58152 0.40000
      vertex -3.48640 -0.55000 0.40000
    endloop
  endfacet
  facet normal 0.000000 0.000000 1.000000
    outer loop
      vertex -3.45000 -0.55000 0.72500
      vertex -3.48640 -0.55000 0.72500
      vertex -3.46820 -0.58152 0.72500
    endloop
  endfacet
  facet normal 0.000000 -1.000000 0.000000
    outer loop
      vertex -3.46820 -0.58152 0.40000
      vertex -3.43180 -0.58152 0.40000
      vertex -3.43180 -0.58152 0.72500
    endloop
  endfacet
  facet normal 0.000000 -1.000000 0.000000
    outer loop
      vertex -3.46820 -0.58152 0.40000
      vertex -3.43180 -0.58152 0.72500
      vertex -3.46820 -0.58152 0.72500
    endloop
  endfacet
  facet normal 0.000000 -0.000000 -1.000000
    outer loop
      vertex -3.45000 -0.55000 0.40000
      vertex -3.43180 -0.58152 0.40000
      vertex -3.46820 -0.58152 0.40000
    endloop
  endfacet
  facet normal 0.000000 0.000000 1.000000
    outer loop
      vertex -3.45000 -0.55000 0.72500
      vertex -3.46820 -0.58152 0.72500
      vertex -3.43180 -0.58152 0.72500
    endloop
  endfacet
  facet normal 0.866025 -0.500000 0.000000
    outer loop
      vertex -3.43180 -0.58152 0.40000
      vertex -3.41360 -0.55000 0.40000
      vertex -3.41360 -0.55000 0.72500
    endloop
  endfacet
  facet normal 0.866025 -0.500000 0.000000
    outer loop
      vertex -3.43180 -0.58152 0.40000
      vertex -3.41360 -0.55000 0.72500
      vertex -3.43180 -0.58152 0.72500
    endloop
  endfacet
  facet normal 0.000000 0.000000 -1.000000
    outer loop
      vertex -3.45000 -0.55000 0.40000
      vertex -3.41360 -0.55000 0.40000
      vertex -3.43180 -0.58152 0.40000
    endloop
  endfacet
  facet normal -0.000000 0.000000 1.000000
    outer loop
      vertex -3.45000 -0.55000 0.72500
      vertex -3.43180 -0.58152 0.72500
      vertex -3.41360 -0.55000 0.72500
    endloop
  endfacet
  facet normal 0.835290 0.402254 0.374810
    outer loop
      vertex -3.17000 -0.55000 0.58200
      vertex -3.27542 -0.33109 0.58200
      vertex -3.45000 -0.55000 1.20600
    endloop
  endfacet
  facet normal 0.000000 0.000000 -1.000000
    outer loop
      vertex -3.45000 -0.55000 0.58200
      vertex -3.27542 -0.33109 0.58200
      vertex -3.17000 -0.55000 0.58200
    endloop
  endfacet
  facet normal 0.206300 0.903857 0.374810
    outer loop
      vertex -3.27542 -0.33109 0.58200
      vertex -3.51231 -0.27702 0.58200
      vertex -3.45000 -0.55000 1.20600
    endloop
  endfacet
  facet normal 0.000000 0.000000 -1.000000
    outer loop
      vertex -3.45000 -0.55000 0.58200
      vertex -3.51231 -0.27702 0.58200
      vertex -3.27542 -0.33109 0.58200
    endloop
  endfacet
  facet normal -0.578039 0.724837 0.374810
    outer loop
      vertex -3.51231 -0.27702 0.58200
      vertex -3.70227 -0.42851 0.58200
      vertex -3.45000 -0.55000 1.20600
    endloop
  endfacet
  facet normal 0.000000 0.000000 -1.000000
    outer loop
      vertex -3.45000 -0.55000 0.58200
      vertex -3.70227 -0.42851 0.58200
      vertex -3.51231 -0.27702 0.58200
    endloop
  endfacet
  facet normal -0.927102 0.000000 0.374810
    outer loop
      vertex -3.70227 -0.42851 0.58200
      vertex -3.70227 -0.67149 0.58200
      vertex -3.45000 -0.55000 1.20600
    endloop
  endfacet
  facet normal -0.000000 0.000000 -1.000000
    outer loop
      vertex -3.45000 -0.55000 0.58200
      vertex -3.70227 -0.67149 0.58200
      vertex -3.70227 -0.42851 0.58200
    endloop
  endfacet
  facet normal -0.578039 -0.724837 0.374810
    outer loop
      vertex -3.70227 -0.67149 0.58200
      vertex -3.51231 -0.82298 0.58200
      vertex -3.45000 -0.55000 1.20600
    endloop
  endfacet
  facet normal 0.000000 0.000000 -1.000000
    outer loop
      vertex -3.45000 -0.55000 0.58200
      vertex -3.51231 -0.82298 0.58200
      vertex -3.70227 -0.67149 0.58200
    endloop
  endfacet
  facet normal 0.206300 -0.903857 0.374810
    outer loop
      vertex -3.51231 -0.82298 0.58200
      vertex -3.27542 -0.76891 0.58200
      vertex -3.45000 -0.55000 1.20600
    endloop
  endfacet
  facet normal 0.000000 -0.000000 -1.000000
    outer loop
      vertex -3.45000 -0.55000 0.58200
      vertex -3.27542 -0.76891 0.58200
      vertex -3.51231 -0.82298 0.58200
    endloop
  endfacet
  facet normal 0.835290 -0.402254 0.374810
    outer loop
      vertex -3.27542 -0.76891 0.58200
      vertex -3.17000 -0.55000 0.58200
      vertex -3.45000 -0.55000 1.20600
    endloop
  endfacet
  facet normal 0.000000 0.000000 -1.000000
    outer loop
      vertex -3.45000 -0.55000 0.58200
      vertex -3.17000 -0.55000 0.58200
      vertex -3.27542 -0.76891 0.58200
    endloop
  endfacet
  facet normal 0.856229 0.412338 0.311206
    outer loop
      vertex -3.22320 -0.55000 0.86800
      vertex -3.30859 -0.37268 0.86800
      vertex -3.45000 -0.55000 1.49200
    endloop
  endfacet
  facet normal 0.000000 0.000000 -1.000000
    outer loop
      vertex -3.45000 -0.55000 0.86800
      vertex -3.30859 -0.37268 0.86800
      vertex -3.22320 -0.55000 0.86800
    endloop
  endfacet
  facet normal 0.211471 0.926515 0.311206
    outer loop
      vertex -3.30859 -0.37268 0.86800
      vertex -3.50047 -0.32889 0.86800
      vertex -3.45000 -0.55000 1.49200
    endloop
  endfacet
  facet normal 0.000000 0.000000 -1.000000
    outer loop
      vertex -3.45000 -0.55000 0.86800
      vertex -3.50047 -0.32889 0.86800
      vertex -3.30859 -0.37268 0.86800
    endloop
  endfacet
  facet normal -0.592529 0.743008 0.311206
    outer loop
      vertex -3.50047 -0.32889 0.86800
      vertex -3.65434 -0.45160 0.86800
      vertex -3.45000 -0.55000 1.49200
    endloop
  endfacet
  facet normal 0.000000 0.000000 -1.000000
    outer loop
      vertex -3.45000 -0.55000 0.86800
      vertex -3.65434 -0.45160 0.86800
      vertex -3.50047 -0.32889 0.86800
    endloop
  endfacet
  facet normal -0.950342 0.000000 0.311206
    outer loop
      vertex -3.65434 -0.45160 0.86800
      vertex -3.65434 -0.64840 0.86800
      vertex -3.45000 -0.55000 1.49200
    endloop
  endfacet
  facet normal -0.000000 0.000000 -1.000000
    outer loop
      vertex -3.45000 -0.55000 0.86800
      vertex -3.65434 -0.64840 0.86800
      vertex -3.65434 -0.45160 0.86800
    endloop
  endfacet
  facet normal -0.592529 -0.743008 0.311206
    outer loop
      vertex -3.65434 -0.64840 0.86800
      vertex -3.50047 -0.77111 0.86800
      vertex -3.45000 -0.55000 1.49200
    endloop
  endfacet
  facet normal 0.000000 0.000000 -1.000000
    outer loop
      vertex -3.45000 -0.55000 0.86800
      vertex -3.50047 -0.77111 0.86800
      vertex -3.65434 -0.64840 0.86800
    endloop
  endfacet
  facet normal 0.211471 -0.926515 0.311206
    outer loop
      vertex -3.50047 -0.77111 0.86800
      vertex -3.30859 -0.72732 0.86800
      vertex -3.45000 -0.55000 1.49200
    endloop
  endfacet
  facet normal 0.000000 -0.000000 -1.000000
    outer loop
      vertex -3.45000 -0.55000 0.86800
      vertex -3.30859 -0.72732 0.86800
      vertex -3.50047 -0.77111 0.86800
    endloop
  endfacet
  facet normal 0.856229 -0.412338 0.311206
    outer loop
      vertex -3.30859 -0.72732 0.86800
      vertex -3.22320 -0.55000 0.86800
      vertex -3.45000 -0.55000 1.49200
    endloop
  endfacet
  facet normal 0.000000 0.000000 -1.000000
    outer loop
      vertex -3.45000 -0.55000 0.86800
      vertex -3.22320 -0.55000 0.86800
      vertex -3.30859 -0.72732 0.86800
    endloop
  endfacet
  facet normal 0.873934 0.420864 0.243133
    outer loop
      vertex -3.27640 -0.55000 1.15400
      vertex -3.34176 -0.41427 1.15400
      vertex -3.45000 -0.55000 1.77800
    endloop
  endfacet
  facet normal 0.000000 0.000000 -1.000000
    outer loop
      vertex -3.45000 -0.55000 1.15400
      vertex -3.34176 -0.41427 1.15400
      vertex -3.27640 -0.55000 1.15400
    endloop
  endfacet
  facet normal 0.215844 0.945673 0.243133
    outer loop
      vertex -3.34176 -0.41427 1.15400
      vertex -3.48863 -0.38075 1.15400
      vertex -3.45000 -0.55000 1.77800
    endloop
  endfacet
  facet normal 0.000000 0.000000 -1.000000
    outer loop
      vertex -3.45000 -0.55000 1.15400
      vertex -3.48863 -0.38075 1.15400
      vertex -3.34176 -0.41427 1.15400
    endloop
  endfacet
  facet normal -0.604781 0.758371 0.243133
    outer loop
      vertex -3.48863 -0.38075 1.15400
      vertex -3.60641 -0.47468 1.15400
      vertex -3.45000 -0.55000 1.77800
    endloop
  endfacet
  facet normal 0.000000 0.000000 -1.000000
    outer loop
      vertex -3.45000 -0.55000 1.15400
      vertex -3.60641 -0.47468 1.15400
      vertex -3.48863 -0.38075 1.15400
    endloop
  endfacet
  facet normal -0.969993 0.000000 0.243133
    outer loop
      vertex -3.60641 -0.47468 1.15400
      vertex -3.60641 -0.62532 1.15400
      vertex -3.45000 -0.55000 1.77800
    endloop
  endfacet
  facet normal -0.000000 0.000000 -1.000000
    outer loop
      vertex -3.45000 -0.55000 1.15400
      vertex -3.60641 -0.62532 1.15400
      vertex -3.60641 -0.47468 1.15400
    endloop
  endfacet
  facet normal -0.604781 -0.758371 0.243133
    outer loop
      vertex -3.60641 -0.62532 1.15400
      vertex -3.48863 -0.71925 1.15400
      vertex -3.45000 -0.55000 1.77800
    endloop
  endfacet
  facet normal 0.000000 0.000000 -1.000000
    outer loop
      vertex -3.45000 -0.55000 1.15400
      vertex -3.48863 -0.71925 1.15400
      vertex -3.60641 -0.62532 1.15400
    endloop
  endfacet
  facet normal 0.215844 -0.945673 0.243133
    outer loop
      vertex -3.48863 -0.71925 1.15400
      vertex -3.34176 -0.68573 1.15400
      vertex -3.45000 -0.55000 1.77800
    endloop
  endfacet
  facet normal 0.000000 -0.000000 -1.000000
    outer loop
      vertex -3.45000 -0.55000 1.15400
      vertex -3.34176 -0.68573 1.15400
      vertex -3.48863 -0.71925 1.15400
    endloop
  endfacet
  facet normal 0.873934 -0.420864 0.243133
    outer loop
      vertex -3.34176 -0.68573 1.15400
      vertex -3.27640 -0.55000 1.15400
      vertex -3.45000 -0.55000 1.77800
    endloop
  endfacet
  facet normal 0.000000 0.000000 -1.000000
    outer loop
      vertex -3.45000 -0.55000 1.15400
      vertex -3.27640 -0.55000 1.15400
      vertex -3.34176 -0.68573 1.15400
    endloop
  endfacet
  facet normal 0.866025 0.500000 0.000000
    outer loop
      vertex -3.75010 0.45000 0.40000
      vertex -3.76505 0.47589 0.40000
      vertex -3.76505 0.47589 0.65500
    endloop
  endfacet
  facet normal 0.866025 0.500000 -0.000000
    outer loop
      vertex -3.75010 0.45000 0.40000
      vertex -3.76505 0.47589 0.65500
      vertex -3.75010 0.45000 0.65500
    endloop
  endfacet
  facet normal 0.000000 0.000000 -1.000000
    outer loop
      vertex -3.78000 0.45000 0.40000
      vertex -3.76505 0.47589 0.40000
      vertex -3.75010 0.45000 0.40000
    endloop
  endfacet
  facet normal 0.000000 0.000000 1.000000
    outer loop
      vertex -3.78000 0.45000 0.65500
      vertex -3.75010 0.45000 0.65500
      vertex -3.76505 0.47589 0.65500
    endloop
  endfacet
  facet normal 0.000000 1.000000 0.000000
    outer loop
      vertex -3.76505 0.47589 0.40000
      vertex -3.79495 0.47589 0.40000
      vertex -3.79495 0.47589 0.65500
    endloop
  endfacet
  facet normal 0.000000 1.000000 -0.000000
    outer loop
      vertex -3.76505 0.47589 0.40000
      vertex -3.79495 0.47589 0.65500
      vertex -3.76505 0.47589 0.65500
    endloop
  endfacet
  facet normal 0.000000 0.000000 -1.000000
    outer loop
      vertex -3.78000 0.45000 0.40000
      vertex -3.79495 0.47589 0.40000
      vertex -3.76505 0.47589 0.40000
    endloop
  endfacet
  facet normal 0.000000 -0.000000 1.000000
    outer loop
      vertex -3.78000 0.45000 0.65500
      vertex -3.76505 0.47589 0.65500
      vertex -3.79495 0.47589 0.65500
    endloop
  endfacet
  facet normal -0.866025 0.500000 0.000000
    outer loop
      vertex -3.79495 0.47589 0.40000
      vertex -3.80990 0.45000 0.40000
      vertex -3.80990 0.45000 0.65500
    endloop
  endfacet
  facet normal -0.866025 0.500000 0.000000
    outer loop
      vertex -3.79495 0.47589 0.40000
      vertex -3.80990 0.45000 0.65500
      vertex -3.79495 0.47589 0.65500
    endloop
  endfacet
  facet normal 0.000000 0.000000 -1.000000
    outer loop
      vertex -3.78000 0.45000 0.40000
      vertex -3.80990 0.45000 0.40000
      vertex -3.79495 0.47589 0.40000
    endloop
  endfacet
  facet normal 0.000000 0.000000 1.000000
    outer loop
      vertex -3.78000 0.45000 0.65500
      vertex -3.79495 0.47589 0.65500
      vertex -3.80990 0.45000 0.65500
    endloop
  endfacet
  facet normal -0.866025 -0.500000 0.000000
    outer loop
      vertex -3.80990 0.45000 0.40000
      vertex -3.79495 0.42411 0.40000
      vertex -3.79495 0.42411 0.65500
    endloop
  endfacet
  facet normal -0.866025 -0.500000 0.000000
    outer loop
      vertex -3.80990 0.45000 0.40000
      vertex -3.79495 0.42411 0.65500
      vertex -3.80990 0.45000 0.65500
    endloop
  endfacet
  facet normal -0.000000 0.000000 -1.000000
    outer loop
      vertex -3.78000 0.45000 0.40000
      vertex -3.79495 0.42411 0.40000
      vertex -3.80990 0.45000 0.40000
    endloop
  endfacet
  facet normal 0.000000 0.000000 1.000000
    outer loop
      vertex -3.78000 0.45000 0.65500
      vertex -3.80990 0.45000 0.65500
      vertex -3.79495 0.42411 0.65500
    endloop
  endfacet
  facet normal 0.000000 -1.000000 0.000000
    outer loop
      vertex -3.79495 0.42411 0.40000
      vertex -3.76505 0.42411 0.40000
      vertex -3.76505 0.42411 0.65500
    endloop
  endfacet
  facet normal 0.000000 -1.000000 0.000000
    outer loop
      vertex -3.79495 0.42411 0.40000
      vertex -3.76505 0.42411 0.65500
      vertex -3.79495 0.42411 0.65500
    endloop
  endfacet
  facet normal 0.000000 -0.000000 -1.000000
    outer loop
      vertex -3.78000 0.45000 0.40000
      vertex -3.76505 0.42411 0.40000
      vertex -3.79495 0.42411 0.40000
    endloop
  endfacet
  facet normal 0.000000 0.000000 1.000000
    outer loop
      vertex -3.78000 0.45000 0.65500
      vertex -3.79495 0.42411 0.65500
      vertex -3.76505 0.42411 0.65500
    endloop
  endfacet
  facet normal 0.866025 -0.500000 0.000000
    outer loop
      vertex -3.76505 0.42411 0.40000
      vertex -3.75010 0.45000 0.40000
      vertex -3.75010 0.45000 0.65500
    endloop
  endfacet
  facet normal 0.866025 -0.500000 0.000000
    outer loop
      vertex -3.76505 0.42411 0.40000
      vertex -3.75010 0.45000 0.65500
      vertex -3.76505 0.42411 0.65500
    endloop
  endfacet
  facet normal 0.000000 0.000000 -1.000000
    outer loop
      vertex -3.78000 0.45000 0.40000
      vertex -3.75010 0.45000 0.40000
      vertex -3.76505 0.42411 0.40000
    endloop
  endfacet
  facet normal -0.000000 0.000000 1.000000
    outer loop
      vertex -3.78000 0.45000 0.65500
      vertex -3.76505 0.42411 0.65500
      vertex -3.75010 0.45000 0.65500
    endloop
  endfacet
  facet normal 0.829712 0.399568 0.389775
    outer loop
      vertex -3.55000 0.45000 0.54280
      vertex -3.63660 0.62982 0.54280
      vertex -3.78000 0.45000 1.03240
    endloop
  endfacet
  facet normal 0.000000 0.000000 -1.000000
    outer loop
      vertex -3.78000 0.45000 0.54280
      vertex -3.63660 0.62982 0.54280
      vertex -3.55000 0.45000 0.54280
    endloop
  endfacet
  facet normal 0.204922 0.897821 0.389775
    outer loop
      vertex -3.63660 0.62982 0.54280
      vertex -3.83118 0.67423 0.54280
      vertex -3.78000 0.45000 1.03240
    endloop
  endfacet
  facet normal 0.000000 0.000000 -1.000000
    outer loop
      vertex -3.78000 0.45000 0.54280
      vertex -3.83118 0.67423 0.54280
      vertex -3.63660 0.62982 0.54280
    endloop
  endfacet
  facet normal -0.574178 0.719997 0.389775
    outer loop
      vertex -3.83118 0.67423 0.54280
      vertex -3.98722 0.54979 0.54280
      vertex -3.78000 0.45000 1.03240
    endloop
  endfacet
  facet normal 0.000000 0.000000 -1.000000
    outer loop
      vertex -3.78000 0.45000 0.54280
      vertex -3.98722 0.54979 0.54280
      vertex -3.83118 0.67423 0.54280
    endloop
  endfacet
  facet normal -0.920910 0.000000 0.389775
    outer loop
      vertex -3.98722 0.54979 0.54280
      vertex -3.98722 0.35021 0.54280
      vertex -3.78000 0.45000 1.03240
    endloop
  endfacet
  facet normal -0.000000 0.000000 -1.000000
    outer loop
      vertex -3.78000 0.45000 0.54280
      vertex -3.98722 0.35021 0.54280
      vertex -3.98722 0.54979 0.54280
    endloop
  endfacet
  facet normal -0.574178 -0.719997 0.389775
    outer loop
      vertex -3.98722 0.35021 0.54280
      vertex -3.83118 0.22577 0.54280
      vertex -3.78000 0.45000 1.03240
    endloop
  endfacet
  facet normal 0.000000 0.000000 -1.000000
    outer loop
      vertex -3.78000 0.45000 0.54280
      vertex -3.83118 0.22577 0.54280
      vertex -3.98722 0.35021 0.54280
    endloop
  endfacet
  facet normal 0.204922 -0.897821 0.389775
    outer loop
      vertex -3.83118 0.22577 0.54280
      vertex -3.63660 0.27018 0.54280
      vertex -3.78000 0.45000 1.03240
    endloop
  endfacet
  facet normal 0.000000 -0.000000 -1.000000
    outer loop
      vertex -3.78000 0.45000 0.54280
      vertex -3.63660 0.27018 0.54280
      vertex -3.83118 0.22577 0.54280
    endloop
  endfacet
  facet normal 0.829712 -0.399568 0.389775
    outer loop
      vertex -3.63660 0.27018 0.54280
      vertex -3.55000 0.45000 0.54280
      vertex -3.78000 0.45000 1.03240
    endloop
  endfacet
  facet normal 0.000000 0.000000 -1.000000
    outer loop
      vertex -3.78000 0.45000 0.54280
      vertex -3.55000 0.45000 0.54280
      vertex -3.63660 0.27018 0.54280
    endloop
  endfacet
  facet normal 0.852274 0.410434 0.324303
    outer loop
      vertex -3.59370 0.45000 0.76720
      vertex -3.66384 0.59566 0.76720
      vertex -3.78000 0.45000 1.25680
    endloop
  endfacet
  facet normal 0.000000 0.000000 -1.000000
    outer loop
      vertex -3.78000 0.45000 0.76720
      vertex -3.66384 0.59566 0.76720
      vertex -3.59370 0.45000 0.76720
    endloop
  endfacet
  facet normal 0.210494 0.922236 0.324303
    outer loop
      vertex -3.66384 0.59566 0.76720
      vertex -3.82146 0.63163 0.76720
      vertex -3.78000 0.45000 1.25680
    endloop
  endfacet
  facet normal 0.000000 0.000000 -1.000000
    outer loop
      vertex -3.78000 0.45000 0.76720
      vertex -3.82146 0.63163 0.76720
      vertex -3.66384 0.59566 0.76720
    endloop
  endfacet
  facet normal -0.589792 0.739576 0.324303
    outer loop
      vertex -3.82146 0.63163 0.76720
      vertex -3.94785 0.53083 0.76720
      vertex -3.78000 0.45000 1.25680
    endloop
  endfacet
  facet normal 0.000000 0.000000 -1.000000
    outer loop
      vertex -3.78000 0.45000 0.76720
      vertex -3.94785 0.53083 0.76720
      vertex -3.82146 0.63163 0.76720
    endloop
  endfacet
  facet normal -0.945953 0.000000 0.324303
    outer loop
      vertex -3.94785 0.53083 0.76720
      vertex -3.94785 0.36917 0.76720
      vertex -3.78000 0.45000 1.25680
    endloop
  endfacet
  facet normal -0.000000 0.000000 -1.000000
    outer loop
      vertex -3.78000 0.45000 0.76720
      vertex -3.94785 0.36917 0.76720
      vertex -3.94785 0.53083 0.76720
    endloop
  endfacet
  facet normal -0.589792 -0.739576 0.324303
    outer loop
      vertex -3.94785 0.36917 0.76720
      vertex -3.82146 0.26837 0.76720
      vertex -3.78000 0.45000 1.25680
    endloop
  endfacet
  facet normal 0.000000 0.000000 -1.000000
    outer loop
      vertex -3.78000 0.45000 0.76720
      vertex -3.82146 0.26837 0.76720
      vertex -3.94785 0.36917 0.76720
    endloop
  endfacet
  facet normal 0.210494 -0.922236 0.324303
    outer loop
      vertex -3.82146 0.26837 0.76720
      vertex -3.66384 0.30434 0.76720
      vertex -3.78000 0.45000 1.25680
    endloop
  endfacet
  facet normal 0.000000 -0.000000 -1.000000
    outer loop
      vertex -3.78000 0.45000 0.76720
      vertex -3.66384 0.30434 0.76720
      vertex -3.82146 0.26837 0.76720
    endloop
  endfacet
  facet normal 0.852274 -0.410434 0.324303
    outer loop
      vertex -3.66384 0.30434 0.76720
      vertex -3.59370 0.45000 0.76720
      vertex -3.78000 0.45000 1.25680
    endloop
  endfacet
  facet normal 0.000000 0.000000 -1.000000
    outer loop
      vertex -3.78000 0.45000 0.76720
      vertex -3.59370 0.45000 0.76720
      vertex -3.66384 0.30434 0.76720
    endloop
  endfacet
  facet normal 0.871463 0.419675 0.253821
    outer loop
      vertex -3.63740 0.45000 0.99160
      vertex -3.69109 0.56149 0.99160
      vertex -3.78000 0.45000 1.48120
    endloop
  endfacet
  facet normal 0.000000 0.000000 -1.000000
    outer loop
      vertex -3.78000 0.45000 0.99160
      vertex -3.69109 0.56149 0.99160
      vertex -3.63740 0.45000 0.99160
    endloop
  endfacet
  facet normal 0.215234 0.943000 0.253821
    outer loop
      vertex -3.69109 0.56149 0.99160
      vertex -3.81173 0.58902 0.99160
      vertex -3.78000 0.45000 1.48120
    endloop
  endfacet
  facet normal 0.000000 0.000000 -1.000000
    outer loop
      vertex -3.78000 0.45000 0.99160
      vertex -3.81173 0.58902 0.99160
      vertex -3.69109 0.56149 0.99160
    endloop
  endfacet
  facet normal -0.603071 0.756227 0.253821
    outer loop
      vertex -3.81173 0.58902 0.99160
      vertex -3.90848 0.51187 0.99160
      vertex -3.78000 0.45000 1.48120
    endloop
  endfacet
  facet normal 0.000000 0.000000 -1.000000
    outer loop
      vertex -3.78000 0.45000 0.99160
      vertex -3.90848 0.51187 0.99160
      vertex -3.81173 0.58902 0.99160
    endloop
  endfacet
  facet normal -0.967251 0.000000 0.253821
    outer loop
      vertex -3.90848 0.51187 0.99160
      vertex -3.90848 0.38813 0.99160
      vertex -3.78000 0.45000 1.48120
    endloop
  endfacet
  facet normal -0.000000 0.000000 -1.000000
    outer loop
      vertex -3.78000 0.45000 0.99160
      vertex -3.90848 0.38813 0.99160
      vertex -3.90848 0.51187 0.99160
    endloop
  endfacet
  facet normal -0.603071 -0.756227 0.253821
    outer loop
      vertex -3.90848 0.38813 0.99160
      vertex -3.81173 0.31098 0.99160
      vertex -3.78000 0.45000 1.48120
    endloop
  endfacet
  facet normal 0.000000 0.000000 -1.000000
    outer loop
      vertex -3.78000 0.45000 0.99160
      vertex -3.81173 0.31098 0.99160
      vertex -3.90848 0.38813 0.99160
    endloop
  endfacet
  facet normal 0.215234 -0.943000 0.253821
    outer loop
      vertex -3.81173 0.31098 0.99160
      vertex -3.69109 0.33851 0.99160
      vertex -3.78000 0.45000 1.48120
    endloop
  endfacet
  facet normal 0.000000 -0.000000 -1.000000
    outer loop
      vertex -3.78000 0.45000 0.99160
      vertex -3.69109 0.33851 0.99160
      vertex -3.81173 0.31098 0.99160
    endloop
  endfacet
  facet normal 0.871463 -0.419675 0.253821
    outer loop
      vertex -3.69109 0.33851 0.99160
      vertex -3.63740 0.45000 0.99160
      vertex -3.78000 0.45000 1.48120
    endloop
  endfacet
  facet normal 0.000000 0.000000 -1.000000
    outer loop
      vertex -3.78000 0.45000 0.99160
      vertex -3.63740 0.45000 0.99160
      vertex -3.69109 0.33851 0.99160
    endloop
  endfacet
  facet normal 0.866025 0.500000 0.000000
    outer loop
      vertex 3.75250 0.25000 0.40000
      vertex 3.73625 0.27815 0.40000
      vertex 3.73625 0.27815 0.67500
    endloop
  endfacet
  facet normal 0.866025 0.500000 -0.000000
    outer loop
      vertex 3.75250 0.25000 0.40000
      vertex 3.73625 0.27815 0.67500
      vertex 3.75250 0.25000 0.67500
    endloop
  endfacet
  facet normal 0.000000 0.000000 -1.000000
    outer loop
      vertex 3.72000 0.25000 0.40000
      vertex 3.73625 0.27815 0.40000
      vertex 3.75250 0.25000 0.40000
    endloop
  endfacet
  facet normal 0.000000 0.000000 1.000000
    outer loop
      vertex 3.72000 0.25000 0.67500
      vertex 3.75250 0.25000 0.67500
      vertex 3.73625 0.27815 0.67500
    endloop
  endfacet
  facet normal 0.000000 1.000000 0.000000
    outer loop
      vertex 3.73625 0.27815 0.40000
      vertex 3.70375 0.27815 0.40000
      vertex 3.70375 0.27815 0.67500
    endloop
  endfacet
  facet normal 0.000000 1.000000 -0.000000
    outer loop
      vertex 3.73625 0.27815 0.40000
      vertex 3.70375 0.27815 0.67500
      vertex 3.73625 0.27815 0.67500
    endloop
  endfacet
  facet normal 0.000000 0.000000 -1.000000
    outer loop
      vertex 3.72000 0.25000 0.40000
      vertex 3.70375 0.27815 0.40000
      vertex 3.73625 0.27815 0.40000
    endloop
  endfacet
  facet normal 0.000000 -0.000000 1.000000
    outer loop
      vertex 3.72000 0.25000 0.67500
      vertex 3.73625 0.27815 0.67500
      vertex 3.70375 0.27815 0.67500
    endloop
  endfacet
  facet normal -0.866025 0.500000 0.000000
    outer loop
      vertex 3.70375 0.27815 0.40000
      vertex 3.68750 0.25000 0.40000
      vertex 3.68750 0.25000 0.67500
    endloop
  endfacet
  facet normal -0.866025 0.500000 0.000000
    outer loop
      vertex 3.70375 0.27815 0.40000
      vertex 3.68750 0.25000 0.67500
      vertex 3.70375 0.27815 0.67500
    endloop
  endfacet
  facet normal 0.000000 0.000000 -1.000000
    outer loop
      vertex 3.72000 0.25000 0.40000
      vertex 3.68750 0.25000 0.40000
      vertex 3.70375 0.27815 0.40000
    endloop
  endfacet
  facet normal 0.000000 0.000000 1.000000
    outer loop
      vertex 3.72000 0.25000 0.67500
      vertex 3.70375 0.27815 0.67500
      vertex 3.68750 0.25000 0.67500
    endloop
  endfacet
  facet normal -0.866025 -0.500000 0.000000
    outer loop
      vertex 3.68750 0.25000 0.40000
      vertex 3.70375 0.22185 0.40000
      vertex 3.70375 0.22185 0.67500
    endloop
  endfacet
  facet normal -0.866025 -0.500000 0.000000
    outer loop
      vertex 3.68750 0.25000 0.40000
      vertex 3.70375 0.22185 0.67500
      vertex 3.68750 0.25000 0.67500
    endloop
  endfacet
  facet normal -0.000000 0.000000 -1.000000
    outer loop
      vertex 3.72000 0.25000 0.40000
      vertex 3.70375 0.22185 0.40000
      vertex 3.68750 0.25000 0.40000
    endloop
  endfacet
  facet normal 0.000000 0.000000 1.000000
    outer loop
      vertex 3.72000 0.25000 0.67500
      vertex 3.68750 0.25000 0.67500
      vertex 3.70375 0.22185 0.67500
    endloop
  endfacet
  facet normal 0.000000 -1.000000 0.000000
    outer loop
      vertex 3.70375 0.22185 0.40000
      vertex 3.73625 0.22185 0.40000
      vertex 3.73625 0.22185 0.67500
    endloop
  endfacet
  facet normal 0.000000 -1.000000 0.000000
    outer loop
      vertex 3.70375 0.22185 0.40000
      vertex 3.73625 0.22185 0.67500
      vertex 3.70375 0.22185 0.67500
    endloop
  endfacet
  facet normal 0.000000 -0.000000 -1.000000
    outer loop
      vertex 3.72000 0.25000 0.40000
      vertex 3.73625 0.22185 0.40000
      vertex 3.70375 0.22185 0.40000
    endloop
  endfacet
  facet normal 0.000000 0.000000 1.000000
    outer loop
      vertex 3.72000 0.25000 0.67500
      vertex 3.70375 0.22185 0.67500
      vertex 3.73625 0.22185 0.67500
    endloop
  endfacet
  facet normal 0.866025 -0.500000 0.000000
    outer loop
      vertex 3.73625 0.22185 0.40000
      vertex 3.75250 0.25000 0.40000
      vertex 3.75250 0.25000 0.67500
    endloop
  endfacet
  facet normal 0.866025 -0.500000 0.000000
    outer loop
      vertex 3.73625 0.22185 0.40000
      vertex 3.75250 0.25000 0.67500
      vertex 3.73625 0.22185 0.67500
    endloop
  endfacet
  facet normal 0.000000 0.000000 -1.000000
    outer loop
      vertex 3.72000 0.25000 0.40000
      vertex 3.75250 0.25000 0.40000
      vertex 3.73625 0.22185 0.40000
    endloop
  endfacet
  facet normal -0.000000 0.000000 1.000000
    outer loop
      vertex 3.72000 0.25000 0.67500
      vertex 3.73625 0.22185 0.67500
      vertex 3.75250 0.25000 0.67500
    endloop
  endfacet
  facet normal 0.828713 0.399087 0.392383
    outer loop
      vertex 3.97000 0.25000 0.55400
      vertex 3.87587 0.44546 0.55400
      vertex 3.72000 0.25000 1.08200
    endloop
  endfacet
  facet normal 0.000000 0.000000 -1.000000
    outer loop
      vertex 3.72000 0.25000 0.55400
      vertex 3.87587 0.44546 0.55400
      vertex 3.97000 0.25000 0.55400
    endloop
  endfacet
  facet normal 0.204675 0.896741 0.392383
    outer loop
      vertex 3.87587 0.44546 0.55400
      vertex 3.66437 0.49373 0.55400
      vertex 3.72000 0.25000 1.08200
    endloop
  endfacet
  facet normal 0.000000 0.000000 -1.000000
    outer loop
      vertex 3.72000 0.25000 0.55400
      vertex 3.66437 0.49373 0.55400
      vertex 3.87587 0.44546 0.55400
    endloop
  endfacet
  facet normal -0.573487 0.719130 0.392383
    outer loop
      vertex 3.66437 0.49373 0.55400
      vertex 3.49476 0.35847 0.55400
      vertex 3.72000 0.25000 1.08200
    endloop
  endfacet
  facet normal 0.000000 0.000000 -1.000000
    outer loop
      vertex 3.72000 0.25000 0.55400
      vertex 3.49476 0.35847 0.55400
      vertex 3.66437 0.49373 0.55400
    endloop
  endfacet
  facet normal -0.919802 0.000000 0.392383
    outer loop
      vertex 3.49476 0.35847 0.55400
      vertex 3.49476 0.14153 0.55400
      vertex 3.72000 0.25000 1.08200
    endloop
  endfacet
  facet normal -0.000000 0.000000 -1.000000
    outer loop
      vertex 3.72000 0.25000 0.55400
      vertex 3.49476 0.14153 0.55400
      vertex 3.49476 0.35847 0.55400
    endloop
  endfacet
  facet normal -0.573487 -0.719130 0.392383
    outer loop
      vertex 3.49476 0.14153 0.55400
      vertex 3.66437 0.00627 0.55400
      vertex 3.72000 0.25000 1.08200
    endloop
  endfacet
  facet normal 0.000000 0.000000 -1.000000
    outer loop
      vertex 3.72000 0.25000 0.55400
      vertex 3.66437 0.00627 0.55400
      vertex 3.49476 0.14153 0.55400
    endloop
  endfacet
  facet normal 0.204675 -0.896741 0.392383
    outer loop
      vertex 3.66437 0.00627 0.55400
      vertex 3.87587 0.05454 0.55400
      vertex 3.72000 0.25000 1.08200
    endloop
  endfacet
  facet normal 0.000000 -0.000000 -1.000000
    outer loop
      vertex 3.72000 0.25000 0.55400
      vertex 3.87587 0.05454 0.55400
      vertex 3.66437 0.00627 0.55400
    endloop
  endfacet
  facet normal 0.828713 -0.399087 0.392383
    outer loop
      vertex 3.87587 0.05454 0.55400
      vertex 3.97000 0.25000 0.55400
      vertex 3.72000 0.25000 1.08200
    endloop
  endfacet
  facet normal 0.000000 0.000000 -1.000000
    outer loop
      vertex 3.72000 0.25000 0.55400
      vertex 3.97000 0.25000 0.55400
      vertex 3.87587 0.05454 0.55400
    endloop
  endfacet
  facet normal 0.851564 0.410092 0.326594
    outer loop
      vertex 3.92250 0.25000 0.79600
      vertex 3.84626 0.40832 0.79600
      vertex 3.72000 0.25000 1.32400
    endloop
  endfacet
  facet normal 0.000000 0.000000 -1.000000
    outer loop
      vertex 3.72000 0.25000 0.79600
      vertex 3.84626 0.40832 0.79600
      vertex 3.92250 0.25000 0.79600
    endloop
  endfacet
  facet normal 0.210319 0.921467 0.326594
    outer loop
      vertex 3.84626 0.40832 0.79600
      vertex 3.67494 0.44742 0.79600
      vertex 3.72000 0.25000 1.32400
    endloop
  endfacet
  facet normal 0.000000 0.000000 -1.000000
    outer loop
      vertex 3.72000 0.25000 0.79600
      vertex 3.67494 0.44742 0.79600
      vertex 3.84626 0.40832 0.79600
    endloop
  endfacet
  facet normal -0.589301 0.738960 0.326594
    outer loop
      vertex 3.67494 0.44742 0.79600
      vertex 3.53755 0.33786 0.79600
      vertex 3.72000 0.25000 1.32400
    endloop
  endfacet
  facet normal 0.000000 0.000000 -1.000000
    outer loop
      vertex 3.72000 0.25000 0.79600
      vertex 3.53755 0.33786 0.79600
      vertex 3.67494 0.44742 0.79600
    endloop
  endfacet
  facet normal -0.945165 0.000000 0.326594
    outer loop
      vertex 3.53755 0.33786 0.79600
      vertex 3.53755 0.16214 0.79600
      vertex 3.72000 0.25000 1.32400
    endloop
  endfacet
  facet normal -0.000000 0.000000 -1.000000
    outer loop
      vertex 3.72000 0.25000 0.79600
      vertex 3.53755 0.16214 0.79600
      vertex 3.53755 0.33786 0.79600
    endloop
  endfacet
  facet normal -0.589301 -0.738960 0.326594
    outer loop
      vertex 3.53755 0.16214 0.79600
      vertex 3.67494 0.05258 0.79600
      vertex 3.72000 0.25000 1.32400
    endloop
  endfacet
  facet normal 0.000000 0.000000 -1.000000
    outer loop
      vertex 3.72000 0.25000 0.79600
      vertex 3.67494 0.05258 0.79600
      vertex 3.53755 0.16214 0.79600
    endloop
  endfacet
  facet normal 0.210319 -0.921467 0.326594
    outer loop
      vertex 3.67494 0.05258 0.79600
      vertex 3.84626 0.09168 0.79600
      vertex 3.72000 0.25000 1.32400
    endloop
  endfacet
  facet normal 0.000000 -0.000000 -1.000000
    outer loop
      vertex 3.72000 0.25000 0.79600
      vertex 3.84626 0.09168 0.79600
      vertex 3.67494 0.05258 0.79600
    endloop
  endfacet
  facet normal 0.851564 -0.410092 0.326594
    outer loop
      vertex 3.84626 0.09168 0.79600
      vertex 3.92250 0.25000 0.79600
      vertex 3.72000 0.25000 1.32400
    endloop
  endfacet
  facet normal 0.000000 0.000000 -1.000000
    outer loop
      vertex 3.72000 0.25000 0.79600
      vertex 3.92250 0.25000 0.79600
      vertex 3.84626 0.09168 0.79600
    endloop
  endfacet
  facet normal 0.871018 0.419460 0.255697
    outer loop
      vertex 3.87500 0.25000 1.03800
      vertex 3.81664 0.37118 1.03800
      vertex 3.72000 0.25000 1.56600
    endloop
  endfacet
  facet normal 0.000000 0.000000 -1.000000
    outer loop
      vertex 3.72000 0.25000 1.03800
      vertex 3.81664 0.37118 1.03800
      vertex 3.87500 0.25000 1.03800
    endloop
  endfacet
  facet normal 0.215124 0.942518 0.255697
    outer loop
      vertex 3.81664 0.37118 1.03800
      vertex 3.68551 0.40111 1.03800
      vertex 3.72000 0.25000 1.56600
    endloop
  endfacet
  facet normal 0.000000 0.000000 -1.000000
    outer loop
      vertex 3.72000 0.25000 1.03800
      vertex 3.68551 0.40111 1.03800
      vertex 3.81664 0.37118 1.03800
    endloop
  endfacet
  facet normal -0.602763 0.755841 0.255697
    outer loop
      vertex 3.68551 0.40111 1.03800
      vertex 3.58035 0.31725 1.03800
      vertex 3.72000 0.25000 1.56600
    endloop
  endfacet
  facet normal 0.000000 0.000000 -1.000000
    outer loop
      vertex 3.72000 0.25000 1.03800
      vertex 3.58035 0.31725 1.03800
      vertex 3.68551 0.40111 1.03800
    endloop
  endfacet
  facet normal -0.966757 0.000000 0.255697
    outer loop
      vertex 3.58035 0.31725 1.03800
      vertex 3.58035 0.18275 1.03800
      vertex 3.72000 0.25000 1.56600
    endloop
  endfacet
  facet normal -0.000000 0.000000 -1.000000
    outer loop
      vertex 3.72000 0.25000 1.03800
      vertex 3.58035 0.18275 1.03800
      vertex 3.58035 0.31725 1.03800
    endloop
  endfacet
  facet normal -0.602763 -0.755841 0.255697
    outer loop
      vertex 3.58035 0.18275 1.03800
      vertex 3.68551 0.09889 1.03800
      vertex 3.72000 0.25000 1.56600
    endloop
  endfacet
  facet normal 0.000000 0.000000 -1.000000
    outer loop
      vertex 3.72000 0.25000 1.03800
      vertex 3.68551 0.09889 1.03800
      vertex 3.58035 0.18275 1.03800
    endloop
  endfacet
  facet normal 0.215124 -0.942518 0.255697
    outer loop
      vertex 3.68551 0.09889 1.03800
      vertex 3.81664 0.12882 1.03800
      vertex 3.72000 0.25000 1.56600
    endloop
  endfacet
  facet normal 0.000000 -0.000000 -1.000000
    outer loop
      vertex 3.72000 0.25000 1.03800
      vertex 3.81664 0.12882 1.03800
      vertex 3.68551 0.09889 1.03800
    endloop
  endfacet
  facet normal 0.871018 -0.419460 0.255697
    outer loop
      vertex 3.81664 0.12882 1.03800
      vertex 3.87500 0.25000 1.03800
      vertex 3.72000 0.25000 1.56600
    endloop
  endfacet
  facet normal 0.000000 0.000000 -1.000000
    outer loop
      vertex 3.72000 0.25000 1.03800
      vertex 3.87500 0.25000 1.03800
      vertex 3.81664 0.12882 1.03800
    endloop
  endfacet
  facet normal 0.368307 0.259706 -0.892694
    outer loop
      vertex -1.58289 0.88000 0.43044
      vertex -1.67431 0.99258 0.42547
      vertex -1.63538 1.03636 0.45427
    endloop
  endfacet
  facet normal 0.516938 0.295958 -0.803234
    outer loop
      vertex -1.58289 0.88000 0.43044
      vertex -1.63538 1.03636 0.45427
      vertex -1.53814 0.88000 0.45924
    endloop
  endfacet
  facet normal -0.014233 0.514171 -0.857570
    outer loop
      vertex -1.67431 0.99258 0.42547
      vertex -1.84041 1.00109 0.43333
      vertex -1.87451 1.04818 0.46213
    endloop
  endfacet
  facet normal -0.000279 0.549750 -0.835329
    outer loop
      vertex -1.67431 0.99258 0.42547
      vertex -1.87451 1.04818 0.46213
      vertex -1.63538 1.03636 0.45427
    endloop
  endfacet
  facet normal -0.501489 0.306564 -0.809029
    outer loop
      vertex -1.84041 1.00109 0.43333
      vertex -1.91189 0.88000 0.43176
      vertex -1.95836 0.88000 0.46056
    endloop
  endfacet
  facet normal -0.430738 0.222931 -0.874509
    outer loop
      vertex -1.84041 1.00109 0.43333
      vertex -1.95836 0.88000 0.46056
      vertex -1.87451 1.04818 0.46213
    endloop
  endfacet
  facet normal -0.378678 -0.251559 -0.890686
    outer loop
      vertex -1.91189 0.88000 0.43176
      vertex -1.82737 0.77594 0.42521
      vertex -1.86822 0.73547 0.45401
    endloop
  endfacet
  facet normal -0.506000 -0.278581 -0.816307
    outer loop
      vertex -1.91189 0.88000 0.43176
      vertex -1.86822 0.73547 0.45401
      vertex -1.95836 0.88000 0.46056
    endloop
  endfacet
  facet normal -0.006053 -0.537867 -0.843008
    outer loop
      vertex -1.82737 0.77594 0.42521
      vertex -1.65895 0.76303 0.43223
      vertex -1.62797 0.71755 0.46103
    endloop
  endfacet
  facet normal -0.018266 -0.567429 -0.823219
    outer loop
      vertex -1.82737 0.77594 0.42521
      vertex -1.62797 0.71755 0.46103
      vertex -1.86822 0.73547 0.45401
    endloop
  endfacet
  facet normal 0.508405 -0.342729 -0.789975
    outer loop
      vertex -1.65895 0.76303 0.43223
      vertex -1.58289 0.88000 0.43044
      vertex -1.53814 0.88000 0.45924
    endloop
  endfacet
  facet normal 0.435795 -0.250535 -0.864474
    outer loop
      vertex -1.65895 0.76303 0.43223
      vertex -1.53814 0.88000 0.45924
      vertex -1.62797 0.71755 0.46103
    endloop
  endfacet
  facet normal 0.419246 0.288054 0.860963
    outer loop
      vertex -1.53814 0.88000 0.45924
      vertex -1.63538 1.03636 0.45427
      vertex -1.66785 0.98320 0.48787
    endloop
  endfacet
  facet normal 0.397991 0.255776 0.881012
    outer loop
      vertex -1.53814 0.88000 0.45924
      vertex -1.66785 0.98320 0.48787
      vertex -1.61252 0.88000 0.49284
    endloop
  endfacet
  facet normal 0.054301 0.539915 0.839966
    outer loop
      vertex -1.63538 1.03636 0.45427
      vertex -1.87451 1.04818 0.46213
      vertex -1.82571 0.99100 0.49573
    endloop
  endfacet
  facet normal 0.067770 0.503128 0.861551
    outer loop
      vertex -1.63538 1.03636 0.45427
      vertex -1.82571 0.99100 0.49573
      vertex -1.66785 0.98320 0.48787
    endloop
  endfacet
  facet normal -0.430423 0.206336 0.878727
    outer loop
      vertex -1.87451 1.04818 0.46213
      vertex -1.95836 0.88000 0.46056
      vertex -1.88976 0.88000 0.49416
    endloop
  endfacet
  facet normal -0.379416 0.206138 0.901971
    outer loop
      vertex -1.87451 1.04818 0.46213
      vertex -1.88976 0.88000 0.49416
      vertex -1.82571 0.99100 0.49573
    endloop
  endfacet
  facet normal -0.411695 -0.295804 0.861979
    outer loop
      vertex -1.95836 0.88000 0.46056
      vertex -1.86822 0.73547 0.45401
      vertex -1.83318 0.78461 0.48761
    endloop
  endfacet
  facet normal -0.418647 -0.306995 0.854686
    outer loop
      vertex -1.95836 0.88000 0.46056
      vertex -1.83318 0.78461 0.48761
      vertex -1.88976 0.88000 0.49416
    endloop
  endfacet
  facet normal -0.065962 -0.560365 0.825615
    outer loop
      vertex -1.86822 0.73547 0.45401
      vertex -1.62797 0.71755 0.46103
      vertex -1.67665 0.77278 0.49463
    endloop
  endfacet
  facet normal -0.077702 -0.524381 0.847931
    outer loop
      vertex -1.86822 0.73547 0.45401
      vertex -1.67665 0.77278 0.49463
      vertex -1.83318 0.78461 0.48761
    endloop
  endfacet
  facet normal 0.402275 -0.212588 0.890495
    outer loop
      vertex -1.62797 0.71755 0.46103
      vertex -1.53814 0.88000 0.45924
      vertex -1.61252 0.88000 0.49284
    endloop
  endfacet
  facet normal 0.380329 -0.212388 0.900134
    outer loop
      vertex -1.62797 0.71755 0.46103
      vertex -1.61252 0.88000 0.49284
      vertex -1.67665 0.77278 0.49463
    endloop
  endfacet
  facet normal 0.026535 -0.022531 -0.999394
    outer loop
      vertex -1.75000 0.88000 0.42600
      vertex -1.67431 0.99258 0.42547
      vertex -1.58289 0.88000 0.43044
    endloop
  endfacet
  facet normal 0.123080 0.113426 0.985893
    outer loop
      vertex -1.75000 0.88000 0.51000
      vertex -1.61252 0.88000 0.49284
      vertex -1.66785 0.98320 0.48787
    endloop
  endfacet
  facet normal -0.045914 0.026183 -0.998602
    outer loop
      vertex -1.75000 0.88000 0.42600
      vertex -1.84041 1.00109 0.43333
      vertex -1.67431 0.99258 0.42547
    endloop
  endfacet
  facet normal 0.057209 0.165572 0.984537
    outer loop
      vertex -1.75000 0.88000 0.51000
      vertex -1.66785 0.98320 0.48787
      vertex -1.82571 0.99100 0.49573
    endloop
  endfacet
  facet normal -0.035506 0.033965 -0.998792
    outer loop
      vertex -1.75000 0.88000 0.42600
      vertex -1.91189 0.88000 0.43176
      vertex -1.84041 1.00109 0.43333
    endloop
  endfacet
  facet normal -0.112504 0.050826 0.992350
    outer loop
      vertex -1.75000 0.88000 0.51000
      vertex -1.82571 0.99100 0.49573
      vertex -1.88976 0.88000 0.49416
    endloop
  endfacet
  facet normal -0.035506 0.034007 -0.998791
    outer loop
      vertex -1.75000 0.88000 0.42600
      vertex -1.82737 0.77594 0.42521
      vertex -1.91189 0.88000 0.43176
    endloop
  endfacet
  facet normal -0.111637 -0.133814 0.984698
    outer loop
      vertex -1.75000 0.88000 0.51000
      vertex -1.88976 0.88000 0.49416
      vertex -1.83318 0.78461 0.48761
    endloop
  endfacet
  facet normal 0.039984 -0.022116 -0.998956
    outer loop
      vertex -1.75000 0.88000 0.42600
      vertex -1.65895 0.76303 0.43223
      vertex -1.82737 0.77594 0.42521
    endloop
  endfacet
  facet normal -0.057700 -0.180199 0.981936
    outer loop
      vertex -1.75000 0.88000 0.51000
      vertex -1.83318 0.78461 0.48761
      vertex -1.67665 0.77278 0.49463
    endloop
  endfacet
  facet normal 0.026528 -0.032599 -0.999116
    outer loop
      vertex -1.75000 0.88000 0.42600
      vertex -1.58289 0.88000 0.43044
      vertex -1.65895 0.76303 0.43223
    endloop
  endfacet
  facet normal 0.123676 -0.057367 0.990663
    outer loop
      vertex -1.75000 0.88000 0.51000
      vertex -1.67665 0.77278 0.49463
      vertex -1.61252 0.88000 0.49284
    endloop
  endfacet
  facet normal 0.361466 0.234212 -0.902489
    outer loop
      vertex -1.09427 0.81948 0.42714
      vertex -1.16967 0.93796 0.42769
      vertex -1.12762 0.98403 0.45649
    endloop
  endfacet
  facet normal 0.474196 0.246820 -0.845114
    outer loop
      vertex -1.09427 0.81948 0.42714
      vertex -1.12762 0.98403 0.45649
      vertex -1.04295 0.81948 0.45594
    endloop
  endfacet
  facet normal -0.037466 0.515735 -0.855928
    outer loop
      vertex -1.16967 0.93796 0.42769
      vertex -1.34064 0.93732 0.43479
      vertex -1.36778 0.98314 0.46359
    endloop
  endfacet
  facet normal -0.026746 0.547302 -0.836508
    outer loop
      vertex -1.16967 0.93796 0.42769
      vertex -1.36778 0.98314 0.46359
      vertex -1.12762 0.98403 0.45649
    endloop
  endfacet
  facet normal -0.436062 0.274310 -0.857090
    outer loop
      vertex -1.34064 0.93732 0.43479
      vertex -1.40208 0.81948 0.42833
      vertex -1.45868 0.81948 0.45713
    endloop
  endfacet
  facet normal -0.438689 0.277384 -0.854757
    outer loop
      vertex -1.34064 0.93732 0.43479
      vertex -1.45868 0.81948 0.45713
      vertex -1.36778 0.98314 0.46359
    endloop
  endfacet
  facet normal -0.383469 -0.229965 -0.894465
    outer loop
      vertex -1.40208 0.81948 0.42833
      vertex -1.33292 0.71087 0.42660
      vertex -1.37476 0.66863 0.45540
    endloop
  endfacet
  facet normal -0.440728 -0.235270 -0.866260
    outer loop
      vertex -1.40208 0.81948 0.42833
      vertex -1.37476 0.66863 0.45540
      vertex -1.45868 0.81948 0.45713
    endloop
  endfacet
  facet normal 0.002035 -0.521715 -0.853117
    outer loop
      vertex -1.33292 0.71087 0.42660
      vertex -1.16057 0.69863 0.43450
      vertex -1.13583 0.65163 0.46330
    endloop
  endfacet
  facet normal -0.012009 -0.555153 -0.831662
    outer loop
      vertex -1.33292 0.71087 0.42660
      vertex -1.13583 0.65163 0.46330
      vertex -1.37476 0.66863 0.45540
    endloop
  endfacet
  facet normal 0.465842 -0.306128 -0.830227
    outer loop
      vertex -1.16057 0.69863 0.43450
      vertex -1.09427 0.81948 0.42714
      vertex -1.04295 0.81948 0.45594
    endloop
  endfacet
  facet normal 0.446876 -0.284487 -0.848156
    outer loop
      vertex -1.16057 0.69863 0.43450
      vertex -1.04295 0.81948 0.45594
      vertex -1.13583 0.65163 0.46330
    endloop
  endfacet
  facet normal 0.435279 0.221061 0.872734
    outer loop
      vertex -1.04295 0.81948 0.45594
      vertex -1.12762 0.98403 0.45649
      vertex -1.16657 0.92808 0.49009
    endloop
  endfacet
  facet normal 0.457721 0.253021 0.852333
    outer loop
      vertex -1.04295 0.81948 0.45594
      vertex -1.16657 0.92808 0.49009
      vertex -1.10551 0.81948 0.48954
    endloop
  endfacet
  facet normal 0.023083 0.531004 0.847055
    outer loop
      vertex -1.12762 0.98403 0.45649
      vertex -1.36778 0.98314 0.46359
      vertex -1.32069 0.92750 0.49719
    endloop
  endfacet
  facet normal 0.038116 0.494845 0.868145
    outer loop
      vertex -1.12762 0.98403 0.45649
      vertex -1.32069 0.92750 0.49719
      vertex -1.16657 0.92808 0.49009
    endloop
  endfacet
  facet normal -0.477204 0.231592 0.847727
    outer loop
      vertex -1.36778 0.98314 0.46359
      vertex -1.45868 0.81948 0.45713
      vertex -1.39899 0.81948 0.49073
    endloop
  endfacet
  facet normal -0.379457 0.221345 0.898342
    outer loop
      vertex -1.36778 0.98314 0.46359
      vertex -1.39899 0.81948 0.49073
      vertex -1.32069 0.92750 0.49719
    endloop
  endfacet
  facet normal -0.411603 -0.239024 0.879461
    outer loop
      vertex -1.45868 0.81948 0.45713
      vertex -1.37476 0.66863 0.45540
      vertex -1.33276 0.71992 0.48900
    endloop
  endfacet
  facet normal -0.464226 -0.323121 0.824674
    outer loop
      vertex -1.45868 0.81948 0.45713
      vertex -1.33276 0.71992 0.48900
      vertex -1.39899 0.81948 0.49073
    endloop
  endfacet
  facet normal -0.066353 -0.544521 0.836119
    outer loop
      vertex -1.37476 0.66863 0.45540
      vertex -1.13583 0.65163 0.46330
      vertex -1.18077 0.70870 0.49690
    endloop
  endfacet
  facet normal -0.081611 -0.498521 0.863027
    outer loop
      vertex -1.37476 0.66863 0.45540
      vertex -1.18077 0.70870 0.49690
      vertex -1.33276 0.71992 0.48900
    endloop
  endfacet
  facet normal 0.461755 -0.217828 0.859845
    outer loop
      vertex -1.13583 0.65163 0.46330
      vertex -1.04295 0.81948 0.45594
      vertex -1.10551 0.81948 0.48954
    endloop
  endfacet
  facet normal 0.398650 -0.211515 0.892378
    outer loop
      vertex -1.13583 0.65163 0.46330
      vertex -1.10551 0.81948 0.48954
      vertex -1.18077 0.70870 0.49690
    endloop
  endfacet
  facet normal 0.007306 0.009286 -0.999930
    outer loop
      vertex -1.25000 0.81948 0.42600
      vertex -1.16967 0.93796 0.42769
      vertex -1.09427 0.81948 0.42714
    endloop
  endfacet
  facet normal 0.139840 0.073624 0.987433
    outer loop
      vertex -1.25000 0.81948 0.51000
      vertex -1.10551 0.81948 0.48954
      vertex -1.16657 0.92808 0.49009
    endloop
  endfacet
  facet normal -0.041610 0.042430 -0.998233
    outer loop
      vertex -1.25000 0.81948 0.42600
      vertex -1.34064 0.93732 0.43479
      vertex -1.16967 0.93796 0.42769
    endloop
  endfacet
  facet normal 0.044964 0.146644 0.988167
    outer loop
      vertex -1.25000 0.81948 0.51000
      vertex -1.16657 0.92808 0.49009
      vertex -1.32069 0.92750 0.49719
    endloop
  endfacet
  facet normal -0.015280 0.062660 -0.997918
    outer loop
      vertex -1.25000 0.81948 0.42600
      vertex -1.40208 0.81948 0.42833
      vertex -1.34064 0.93732 0.43479
    endloop
  endfacet
  facet normal -0.128203 0.033667 0.991176
    outer loop
      vertex -1.25000 0.81948 0.51000
      vertex -1.32069 0.92750 0.49719
      vertex -1.39899 0.81948 0.49073
    endloop
  endfacet
  facet normal -0.015310 0.006126 -0.999864
    outer loop
      vertex -1.25000 0.81948 0.42600
      vertex -1.33292 0.71087 0.42660
      vertex -1.40208 0.81948 0.42833
    endloop
  endfacet
  facet normal -0.127606 -0.101981 0.986568
    outer loop
      vertex -1.25000 0.81948 0.51000
      vertex -1.39899 0.81948 0.49073
      vertex -1.33276 0.71992 0.48900
    endloop
  endfacet
  facet normal 0.043002 -0.038380 -0.998338
    outer loop
      vertex -1.25000 0.81948 0.42600
      vertex -1.16057 0.69863 0.43450
      vertex -1.33292 0.71087 0.42660
    endloop
  endfacet
  facet normal -0.062694 -0.155773 0.985801
    outer loop
      vertex -1.25000 0.81948 0.51000
      vertex -1.33276 0.71992 0.48900
      vertex -1.18077 0.70870 0.49690
    endloop
  endfacet
  facet normal 0.007291 -0.064771 -0.997873
    outer loop
      vertex -1.25000 0.81948 0.42600
      vertex -1.09427 0.81948 0.42714
      vertex -1.16057 0.69863 0.43450
    endloop
  endfacet
  facet normal 0.140160 -0.029458 0.989691
    outer loop
      vertex -1.25000 0.81948 0.51000
      vertex -1.18077 0.70870 0.49690
      vertex -1.10551 0.81948 0.48954
    endloop
  endfacet
  facet normal 0.368962 0.235157 -0.899204
    outer loop
      vertex -0.60062 0.78364 0.42530
      vertex -0.66377 0.90484 0.43108
      vertex -0.62362 0.95197 0.45988
    endloop
  endfacet
  facet normal 0.395814 0.236397 -0.887382
    outer loop
      vertex -0.60062 0.78364 0.42530
      vertex -0.62362 0.95197 0.45988
      vertex -0.53606 0.78364 0.45410
    endloop
  endfacet
  facet normal -0.042568 0.536392 -0.842895
    outer loop
      vertex -0.66377 0.90484 0.43108
      vertex -0.83687 0.89537 0.43380
      vertex -0.85963 0.93882 0.46260
    endloop
  endfacet
  facet normal -0.040031 0.545618 -0.837078
    outer loop
      vertex -0.66377 0.90484 0.43108
      vertex -0.85963 0.93882 0.46260
      vertex -0.62362 0.95197 0.45988
    endloop
  endfacet
  facet normal -0.363466 0.266883 -0.892562
    outer loop
      vertex -0.83687 0.89537 0.43380
      vertex -0.89915 0.78364 0.42575
      vertex -0.96987 0.78364 0.45455
    endloop
  endfacet
  facet normal -0.417201 0.340093 -0.842781
    outer loop
      vertex -0.83687 0.89537 0.43380
      vertex -0.96987 0.78364 0.45455
      vertex -0.85963 0.93882 0.46260
    endloop
  endfacet
  facet normal -0.393241 -0.238383 -0.887995
    outer loop
      vertex -0.89915 0.78364 0.42575
      vertex -0.83841 0.66863 0.42973
      vertex -0.87633 0.62390 0.45853
    endloop
  endfacet
  facet normal -0.366403 -0.236966 -0.899775
    outer loop
      vertex -0.89915 0.78364 0.42575
      vertex -0.87633 0.62390 0.45853
      vertex -0.96987 0.78364 0.45455
    endloop
  endfacet
  facet normal 0.007312 -0.521547 -0.853191
    outer loop
      vertex -0.83841 0.66863 0.42973
      vertex -0.66558 0.66330 0.43447
      vertex -0.64327 0.61650 0.46327
    endloop
  endfacet
  facet normal -0.000093 -0.541308 -0.840824
    outer loop
      vertex -0.83841 0.66863 0.42973
      vertex -0.64327 0.61650 0.46327
      vertex -0.87633 0.62390 0.45853
    endloop
  endfacet
  facet normal 0.391297 -0.278047 -0.877255
    outer loop
      vertex -0.66558 0.66330 0.43447
      vertex -0.60062 0.78364 0.42530
      vertex -0.53606 0.78364 0.45410
    endloop
  endfacet
  facet normal 0.424753 -0.318944 -0.847266
    outer loop
      vertex -0.66558 0.66330 0.43447
      vertex -0.53606 0.78364 0.45410
      vertex -0.64327 0.61650 0.46327
    endloop
  endfacet
  facet normal 0.419581 0.187751 0.888089
    outer loop
      vertex -0.53606 0.78364 0.45410
      vertex -0.62362 0.95197 0.45988
      vertex -0.66913 0.89474 0.49348
    endloop
  endfacet
  facet normal 0.477333 0.276017 0.834247
    outer loop
      vertex -0.53606 0.78364 0.45410
      vertex -0.66913 0.89474 0.49348
      vertex -0.59478 0.78364 0.48770
    endloop
  endfacet
  facet normal -0.019496 0.526152 0.850167
    outer loop
      vertex -0.62362 0.95197 0.45988
      vertex -0.85963 0.93882 0.46260
      vertex -0.81834 0.88606 0.49620
    endloop
  endfacet
  facet normal -0.014285 0.514670 0.857269
    outer loop
      vertex -0.62362 0.95197 0.45988
      vertex -0.81834 0.88606 0.49620
      vertex -0.66913 0.89474 0.49348
    endloop
  endfacet
  facet normal -0.466608 0.288110 0.836223
    outer loop
      vertex -0.85963 0.93882 0.46260
      vertex -0.96987 0.78364 0.45455
      vertex -0.90966 0.78364 0.48815
    endloop
  endfacet
  facet normal -0.378561 0.267915 0.885953
    outer loop
      vertex -0.85963 0.93882 0.46260
      vertex -0.90966 0.78364 0.48815
      vertex -0.81834 0.88606 0.49620
    endloop
  endfacet
  facet normal -0.394462 -0.208708 0.894897
    outer loop
      vertex -0.96987 0.78364 0.45455
      vertex -0.87633 0.62390 0.45853
      vertex -0.82884 0.67821 0.49213
    endloop
  endfacet
  facet normal -0.461253 -0.322385 0.826628
    outer loop
      vertex -0.96987 0.78364 0.45455
      vertex -0.82884 0.67821 0.49213
      vertex -0.90966 0.78364 0.48815
    endloop
  endfacet
  facet normal -0.033965 -0.525474 0.850131
    outer loop
      vertex -0.87633 0.62390 0.45853
      vertex -0.64327 0.61650 0.46327
      vertex -0.68149 0.67333 0.49687
    endloop
  endfacet
  facet normal -0.044339 -0.497254 0.866471
    outer loop
      vertex -0.87633 0.62390 0.45853
      vertex -0.68149 0.67333 0.49687
      vertex -0.82884 0.67821 0.49213
    endloop
  endfacet
  facet normal 0.479345 -0.261498 0.837763
    outer loop
      vertex -0.64327 0.61650 0.46327
      vertex -0.53606 0.78364 0.45410
      vertex -0.59478 0.78364 0.48770
    endloop
  endfacet
  facet normal 0.406736 -0.246554 0.879646
    outer loop
      vertex -0.64327 0.61650 0.46327
      vertex -0.59478 0.78364 0.48770
      vertex -0.68149 0.67333 0.49687
    endloop
  endfacet
  facet normal -0.004698 0.045228 -0.998966
    outer loop
      vertex -0.75000 0.78364 0.42600
      vertex -0.66377 0.90484 0.43108
      vertex -0.60062 0.78364 0.42530
    endloop
  endfacet
  facet normal 0.142087 0.043605 0.988893
    outer loop
      vertex -0.75000 0.78364 0.51000
      vertex -0.59478 0.78364 0.48770
      vertex -0.66913 0.89474 0.49348
    endloop
  endfacet
  facet normal -0.018707 0.055168 -0.998302
    outer loop
      vertex -0.75000 0.78364 0.42600
      vertex -0.83687 0.89537 0.43380
      vertex -0.66377 0.90484 0.43108
    endloop
  endfacet
  facet normal 0.009917 0.140000 0.990102
    outer loop
      vertex -0.75000 0.78364 0.51000
      vertex -0.66913 0.89474 0.49348
      vertex -0.81834 0.88606 0.49620
    endloop
  endfacet
  facet normal 0.001646 0.070936 -0.997480
    outer loop
      vertex -0.75000 0.78364 0.42600
      vertex -0.89915 0.78364 0.42575
      vertex -0.83687 0.89537 0.43380
    endloop
  endfacet
  facet normal -0.135443 0.042978 0.989853
    outer loop
      vertex -0.75000 0.78364 0.51000
      vertex -0.81834 0.88606 0.49620
      vertex -0.90966 0.78364 0.48815
    endloop
  endfacet
  facet normal 0.001649 -0.033694 -0.999431
    outer loop
      vertex -0.75000 0.78364 0.42600
      vertex -0.83841 0.66863 0.42973
      vertex -0.89915 0.78364 0.42575
    endloop
  endfacet
  facet normal -0.135269 -0.066392 0.988582
    outer loop
      vertex -0.75000 0.78364 0.51000
      vertex -0.90966 0.78364 0.48815
      vertex -0.82884 0.67821 0.49213
    endloop
  endfacet
  facet normal 0.025757 -0.052188 -0.998305
    outer loop
      vertex -0.75000 0.78364 0.42600
      vertex -0.66558 0.66330 0.43447
      vertex -0.83841 0.66863 0.42973
    endloop
  endfacet
  facet normal -0.036466 -0.140415 0.989421
    outer loop
      vertex -0.75000 0.78364 0.51000
      vertex -0.82884 0.67821 0.49213
      vertex -0.68149 0.67333 0.49687
    endloop
  endfacet
  facet normal -0.004690 -0.073476 -0.997286
    outer loop
      vertex -0.75000 0.78364 0.42600
      vertex -0.60062 0.78364 0.42530
      vertex -0.66558 0.66330 0.43447
    endloop
  endfacet
  facet normal 0.142160 -0.029475 0.989405
    outer loop
      vertex -0.75000 0.78364 0.51000
      vertex -0.68149 0.67333 0.49687
      vertex -0.59478 0.78364 0.48770
    endloop
  endfacet
  facet normal 0.391397 0.259473 -0.882883
    outer loop
      vertex -0.09870 0.78710 0.42585
      vertex -0.15962 0.90645 0.43392
      vertex -0.12542 0.95286 0.46272
    endloop
  endfacet
  facet normal 0.335907 0.255783 -0.906500
    outer loop
      vertex -0.09870 0.78710 0.42585
      vertex -0.12542 0.95286 0.46272
      vertex -0.02098 0.78710 0.45465
    endloop
  endfacet
  facet normal -0.029436 0.561719 -0.826804
    outer loop
      vertex -0.15962 0.90645 0.43392
      vertex -0.33103 0.89299 0.43088
      vertex -0.35422 0.93416 0.45968
    endloop
  endfacet
  facet normal -0.033360 0.544602 -0.838031
    outer loop
      vertex -0.15962 0.90645 0.43392
      vertex -0.35422 0.93416 0.45968
      vertex -0.12542 0.95286 0.46272
    endloop
  endfacet
  facet normal -0.320385 0.270120 -0.907959
    outer loop
      vertex -0.33103 0.89299 0.43088
      vertex -0.40461 0.78710 0.42534
      vertex -0.48623 0.78710 0.45414
    endloop
  endfacet
  facet normal -0.382510 0.375155 -0.844361
    outer loop
      vertex -0.33103 0.89299 0.43088
      vertex -0.48623 0.78710 0.45414
      vertex -0.35422 0.93416 0.45968
    endloop
  endfacet
  facet normal -0.404419 -0.269948 -0.873827
    outer loop
      vertex -0.40461 0.78710 0.42534
      vertex -0.34104 0.66710 0.43300
      vertex -0.37212 0.62043 0.46180
    endloop
  endfacet
  facet normal -0.321161 -0.261665 -0.910158
    outer loop
      vertex -0.40461 0.78710 0.42534
      vertex -0.37212 0.62043 0.46180
      vertex -0.48623 0.78710 0.45414
    endloop
  endfacet
  facet normal 0.009412 -0.535355 -0.844575
    outer loop
      vertex -0.34104 0.66710 0.43300
      vertex -0.17140 0.67140 0.43216
      vertex -0.14649 0.62640 0.46096
    endloop
  endfacet
  facet normal 0.010897 -0.530389 -0.847684
    outer loop
      vertex -0.34104 0.66710 0.43300
      vertex -0.14649 0.62640 0.46096
      vertex -0.37212 0.62043 0.46180
    endloop
  endfacet
  facet normal 0.335500 -0.260168 -0.905402
    outer loop
      vertex -0.17140 0.67140 0.43216
      vertex -0.09870 0.78710 0.42585
      vertex -0.02098 0.78710 0.45465
    endloop
  endfacet
  facet normal 0.386656 -0.335701 -0.858954
    outer loop
      vertex -0.17140 0.67140 0.43216
      vertex -0.02098 0.78710 0.45465
      vertex -0.14649 0.62640 0.46096
    endloop
  endfacet
  facet normal 0.387832 0.200558 0.899646
    outer loop
      vertex -0.02098 0.78710 0.45465
      vertex -0.12542 0.95286 0.46272
      vertex -0.17422 0.89650 0.49632
    endloop
  endfacet
  facet normal 0.440070 0.293101 0.848782
    outer loop
      vertex -0.02098 0.78710 0.45465
      vertex -0.17422 0.89650 0.49632
      vertex -0.08579 0.78710 0.48825
    endloop
  endfacet
  facet normal -0.054637 0.530777 0.845748
    outer loop
      vertex -0.12542 0.95286 0.46272
      vertex -0.35422 0.93416 0.45968
      vertex -0.31983 0.88416 0.49328
    endloop
  endfacet
  facet normal -0.064129 0.551417 0.831761
    outer loop
      vertex -0.12542 0.95286 0.46272
      vertex -0.31983 0.88416 0.49328
      vertex -0.17422 0.89650 0.49632
    endloop
  endfacet
  facet normal -0.408240 0.334483 0.849389
    outer loop
      vertex -0.35422 0.93416 0.45968
      vertex -0.48623 0.78710 0.45414
      vertex -0.41632 0.78710 0.48774
    endloop
  endfacet
  facet normal -0.376221 0.324485 0.867852
    outer loop
      vertex -0.35422 0.93416 0.45968
      vertex -0.41632 0.78710 0.48774
      vertex -0.31983 0.88416 0.49328
    endloop
  endfacet
  facet normal -0.373459 -0.214236 0.902569
    outer loop
      vertex -0.48623 0.78710 0.45414
      vertex -0.37212 0.62043 0.46180
      vertex -0.32342 0.67710 0.49540
    endloop
  endfacet
  facet normal -0.414565 -0.290082 0.862548
    outer loop
      vertex -0.48623 0.78710 0.45414
      vertex -0.32342 0.67710 0.49540
      vertex -0.41632 0.78710 0.48774
    endloop
  endfacet
  facet normal 0.016821 -0.516595 0.856064
    outer loop
      vertex -0.37212 0.62043 0.46180
      vertex -0.14649 0.62640 0.46096
      vertex -0.17844 0.68104 0.49456
    endloop
  endfacet
  facet normal 0.019077 -0.522003 0.852731
    outer loop
      vertex -0.37212 0.62043 0.46180
      vertex -0.17844 0.68104 0.49456
      vertex -0.32342 0.67710 0.49540
    endloop
  endfacet
  facet normal 0.437794 -0.308764 0.844394
    outer loop
      vertex -0.14649 0.62640 0.46096
      vertex -0.02098 0.78710 0.45465
      vertex -0.08579 0.78710 0.48825
    endloop
  endfacet
  facet normal 0.400625 -0.298440 0.866275
    outer loop
      vertex -0.14649 0.62640 0.46096
      vertex -0.08579 0.78710 0.48825
      vertex -0.17844 0.68104 0.49456
    endloop
  endfacet
  facet normal -0.000964 0.066981 -0.997754
    outer loop
      vertex -0.25000 0.78710 0.42600
      vertex -0.15962 0.90645 0.43392
      vertex -0.09870 0.78710 0.42585
    endloop
  endfacet
  facet normal 0.131210 0.032966 0.990806
    outer loop
      vertex -0.25000 0.78710 0.51000
      vertex -0.08579 0.78710 0.48825
      vertex -0.17422 0.89650 0.49632
    endloop
  endfacet
  facet normal 0.013319 0.056203 -0.998331
    outer loop
      vertex -0.25000 0.78710 0.42600
      vertex -0.33103 0.89299 0.43088
      vertex -0.15962 0.90645 0.43392
    endloop
  endfacet
  facet normal -0.033090 0.146508 0.988656
    outer loop
      vertex -0.25000 0.78710 0.51000
      vertex -0.17422 0.89650 0.49632
      vertex -0.31983 0.88416 0.49328
    endloop
  endfacet
  facet normal 0.004243 0.049278 -0.998776
    outer loop
      vertex -0.25000 0.78710 0.42600
      vertex -0.40461 0.78710 0.42534
      vertex -0.33103 0.89299 0.43088
    endloop
  endfacet
  facet normal -0.132265 0.075100 0.988365
    outer loop
      vertex -0.25000 0.78710 0.51000
      vertex -0.31983 0.88416 0.49328
      vertex -0.41632 0.78710 0.48774
    endloop
  endfacet
  facet normal 0.004240 -0.061405 -0.998104
    outer loop
      vertex -0.25000 0.78710 0.42600
      vertex -0.34104 0.66710 0.43300
      vertex -0.40461 0.78710 0.42534
    endloop
  endfacet
  facet normal -0.132517 -0.043015 0.990247
    outer loop
      vertex -0.25000 0.78710 0.51000
      vertex -0.41632 0.78710 0.48774
      vertex -0.32342 0.67710 0.49540
    endloop
  endfacet
  facet normal -0.003495 -0.055557 -0.998449
    outer loop
      vertex -0.25000 0.78710 0.42600
      vertex -0.17140 0.67140 0.43216
      vertex -0.34104 0.66710 0.43300
    endloop
  endfacet
  facet normal 0.009432 -0.137784 0.990417
    outer loop
      vertex -0.25000 0.78710 0.51000
      vertex -0.32342 0.67710 0.49540
      vertex -0.17844 0.68104 0.49456
    endloop
  endfacet
  facet normal -0.000965 -0.053844 -0.998549
    outer loop
      vertex -0.25000 0.78710 0.42600
      vertex -0.09870 0.78710 0.42585
      vertex -0.17140 0.67140 0.43216
    endloop
  endfacet
  facet normal 0.131079 -0.055625 0.989810
    outer loop
      vertex -0.25000 0.78710 0.51000
      vertex -0.17844 0.68104 0.49456
      vertex -0.08579 0.78710 0.48825
    endloop
  endfacet
  facet normal 0.415939 0.302116 -0.857742
    outer loop
      vertex 0.41051 0.82845 0.42852
      vertex 0.34067 0.94233 0.43477
      vertex 0.36789 0.98661 0.46357
    endloop
  endfacet
  facet normal 0.310622 0.284637 -0.906916
    outer loop
      vertex 0.41051 0.82845 0.42852
      vertex 0.36789 0.98661 0.46357
      vertex 0.49459 0.82845 0.45732
    endloop
  endfacet
  facet normal -0.001615 0.582008 -0.813181
    outer loop
      vertex 0.34067 0.94233 0.43477
      vertex 0.17391 0.93172 0.42751
      vertex 0.14570 0.97188 0.45631
    endloop
  endfacet
  facet normal -0.009096 0.549086 -0.835716
    outer loop
      vertex 0.34067 0.94233 0.43477
      vertex 0.14570 0.97188 0.45631
      vertex 0.36789 0.98661 0.46357
    endloop
  endfacet
  facet normal -0.312865 0.273180 -0.909664
    outer loop
      vertex 0.17391 0.93172 0.42751
      vertex 0.08433 0.82845 0.42731
      vertex 0.00060 0.82845 0.45611
    endloop
  endfacet
  facet normal -0.358822 0.364225 -0.859411
    outer loop
      vertex 0.17391 0.93172 0.42751
      vertex 0.00060 0.82845 0.45611
      vertex 0.14570 0.97188 0.45631
    endloop
  endfacet
  facet normal -0.408617 -0.309926 -0.858474
    outer loop
      vertex 0.08433 0.82845 0.42731
      vertex 0.16053 0.70742 0.43473
      vertex 0.13572 0.66035 0.46353
    endloop
  endfacet
  facet normal -0.311242 -0.290174 -0.904946
    outer loop
      vertex 0.08433 0.82845 0.42731
      vertex 0.13572 0.66035 0.46353
      vertex 0.00060 0.82845 0.45611
    endloop
  endfacet
  facet normal 0.009458 -0.556132 -0.831040
    outer loop
      vertex 0.16053 0.70742 0.43473
      vertex 0.32491 0.71915 0.42875
      vertex 0.35614 0.67664 0.45755
    endloop
  endfacet
  facet normal 0.015992 -0.527988 -0.849101
    outer loop
      vertex 0.16053 0.70742 0.43473
      vertex 0.35614 0.67664 0.45755
      vertex 0.13572 0.66035 0.46353
    endloop
  endfacet
  facet normal 0.313921 -0.247778 -0.916548
    outer loop
      vertex 0.32491 0.71915 0.42875
      vertex 0.41051 0.82845 0.42852
      vertex 0.49459 0.82845 0.45732
    endloop
  endfacet
  facet normal 0.358690 -0.328463 -0.873758
    outer loop
      vertex 0.32491 0.71915 0.42875
      vertex 0.49459 0.82845 0.45732
      vertex 0.35614 0.67664 0.45755
    endloop
  endfacet
  facet normal 0.356455 0.250004 0.900243
    outer loop
      vertex 0.49459 0.82845 0.45732
      vertex 0.36789 0.98661 0.46357
      vertex 0.32075 0.93284 0.49717
    endloop
  endfacet
  facet normal 0.378995 0.296571 0.876589
    outer loop
      vertex 0.49459 0.82845 0.45732
      vertex 0.32075 0.93284 0.49717
      vertex 0.41688 0.82845 0.49092
    endloop
  endfacet
  facet normal -0.063199 0.539685 0.839492
    outer loop
      vertex 0.36789 0.98661 0.46357
      vertex 0.14570 0.97188 0.45631
      vertex 0.17558 0.92312 0.48991
    endloop
  endfacet
  facet normal -0.079289 0.577296 0.812676
    outer loop
      vertex 0.36789 0.98661 0.46357
      vertex 0.17558 0.92312 0.48991
      vertex 0.32075 0.93284 0.49717
    endloop
  endfacet
  facet normal -0.348353 0.351188 0.869090
    outer loop
      vertex 0.14570 0.97188 0.45631
      vertex 0.00060 0.82845 0.45611
      vertex 0.08442 0.82845 0.48971
    endloop
  endfacet
  facet normal -0.374907 0.359172 0.854658
    outer loop
      vertex 0.14570 0.97188 0.45631
      vertex 0.08442 0.82845 0.48971
      vertex 0.17558 0.92312 0.48991
    endloop
  endfacet
  facet normal -0.357630 -0.247691 0.900416
    outer loop
      vertex 0.00060 0.82845 0.45611
      vertex 0.13572 0.66035 0.46353
      vertex 0.18073 0.71751 0.49713
    endloop
  endfacet
  facet normal -0.360007 -0.252382 0.898164
    outer loop
      vertex 0.00060 0.82845 0.45611
      vertex 0.18073 0.71751 0.49713
      vertex 0.08442 0.82845 0.48971
    endloop
  endfacet
  facet normal 0.061528 -0.519749 0.852101
    outer loop
      vertex 0.13572 0.66035 0.46353
      vertex 0.35614 0.67664 0.45755
      vertex 0.32682 0.72826 0.49115
    endloop
  endfacet
  facet normal 0.074450 -0.548322 0.832947
    outer loop
      vertex 0.13572 0.66035 0.46353
      vertex 0.32682 0.72826 0.49115
      vertex 0.18073 0.71751 0.49713
    endloop
  endfacet
  facet normal 0.373326 -0.339164 0.863478
    outer loop
      vertex 0.35614 0.67664 0.45755
      vertex 0.49459 0.82845 0.45732
      vertex 0.41688 0.82845 0.49092
    endloop
  endfacet
  facet normal 0.382306 -0.341673 0.858546
    outer loop
      vertex 0.35614 0.67664 0.45755
      vertex 0.41688 0.82845 0.49092
      vertex 0.32682 0.72826 0.49115
    endloop
  endfacet
  facet normal 0.015686 0.064334 -0.997805
    outer loop
      vertex 0.25000 0.82845 0.42600
      vertex 0.34067 0.94233 0.43477
      vertex 0.41051 0.82845 0.42852
    endloop
  endfacet
  facet normal 0.113461 0.045112 0.992518
    outer loop
      vertex 0.25000 0.82845 0.51000
      vertex 0.41688 0.82845 0.49092
      vertex 0.32075 0.93284 0.49717
    endloop
  endfacet
  facet normal 0.040619 0.044511 -0.998183
    outer loop
      vertex 0.25000 0.82845 0.42600
      vertex 0.17391 0.93172 0.42751
      vertex 0.34067 0.94233 0.43477
    endloop
  endfacet
  facet normal -0.060084 0.161812 0.984991
    outer loop
      vertex 0.25000 0.82845 0.51000
      vertex 0.32075 0.93284 0.49717
      vertex 0.17558 0.92312 0.48991
    endloop
  endfacet
  facet normal -0.007882 0.008803 -0.999930
    outer loop
      vertex 0.25000 0.82845 0.42600
      vertex 0.08433 0.82845 0.42731
      vertex 0.17391 0.93172 0.42751
    endloop
  endfacet
  facet normal -0.120859 0.114263 0.986072
    outer loop
      vertex 0.25000 0.82845 0.51000
      vertex 0.17558 0.92312 0.48991
      vertex 0.08442 0.82845 0.48971
    endloop
  endfacet
  facet normal -0.007865 -0.066185 -0.997776
    outer loop
      vertex 0.25000 0.82845 0.42600
      vertex 0.16053 0.70742 0.43473
      vertex 0.08433 0.82845 0.42731
    endloop
  endfacet
  facet normal -0.121562 -0.039125 0.991812
    outer loop
      vertex 0.25000 0.82845 0.51000
      vertex 0.08442 0.82845 0.48971
      vertex 0.18073 0.71751 0.49713
    endloop
  endfacet
  facet normal -0.032906 -0.047712 -0.998319
    outer loop
      vertex 0.25000 0.82845 0.42600
      vertex 0.32491 0.71915 0.42875
      vertex 0.16053 0.70742 0.43473
    endloop
  endfacet
  facet normal 0.051218 -0.146547 0.987877
    outer loop
      vertex 0.25000 0.82845 0.51000
      vertex 0.18073 0.71751 0.49713
      vertex 0.32682 0.72826 0.49115
    endloop
  endfacet
  facet normal 0.015717 -0.014424 -0.999772
    outer loop
      vertex 0.25000 0.82845 0.42600
      vertex 0.41051 0.82845 0.42852
      vertex 0.32491 0.71915 0.42875
    endloop
  endfacet
  facet normal 0.113015 -0.099307 0.988618
    outer loop
      vertex 0.25000 0.82845 0.51000
      vertex 0.32682 0.72826 0.49115
      vertex 0.41688 0.82845 0.49092
    endloop
  endfacet
  facet normal 0.423537 0.345726 -0.837311
    outer loop
      vertex 0.92231 0.89082 0.43195
      vertex 0.83695 0.99839 0.43318
      vertex 0.85973 1.04022 0.46198
    endloop
  endfacet
  facet normal 0.320129 0.313790 -0.893898
    outer loop
      vertex 0.92231 0.89082 0.43195
      vertex 0.85973 1.04022 0.46198
      vertex 1.00273 0.89082 0.46075
    endloop
  endfacet
  facet normal 0.030158 0.592514 -0.804996
    outer loop
      vertex 0.83695 0.99839 0.43318
      vertex 0.67543 0.99605 0.42541
      vertex 0.64017 1.03697 0.45421
    endloop
  endfacet
  facet normal 0.021065 0.559124 -0.828817
    outer loop
      vertex 0.83695 0.99839 0.43318
      vertex 0.64017 1.03697 0.45421
      vertex 0.85973 1.04022 0.46198
    endloop
  endfacet
  facet normal -0.339653 0.285057 -0.896314
    outer loop
      vertex 0.67543 0.99605 0.42541
      vertex 0.57331 0.89082 0.43064
      vertex 0.49731 0.89082 0.45944
    endloop
  endfacet
  facet normal -0.354125 0.314606 -0.880692
    outer loop
      vertex 0.67543 0.99605 0.42541
      vertex 0.49731 0.89082 0.45944
      vertex 0.64017 1.03697 0.45421
    endloop
  endfacet
  facet normal -0.401721 -0.339692 -0.850429
    outer loop
      vertex 0.57331 0.89082 0.43064
      vertex 0.66549 0.77324 0.43406
      vertex 0.64319 0.72752 0.46286
    endloop
  endfacet
  facet normal -0.335888 -0.318612 -0.886378
    outer loop
      vertex 0.57331 0.89082 0.43064
      vertex 0.64319 0.72752 0.46286
      vertex 0.49731 0.89082 0.45944
    endloop
  endfacet
  facet normal 0.006069 -0.574812 -0.818263
    outer loop
      vertex 0.66549 0.77324 0.43406
      vertex 0.82525 0.78643 0.42598
      vertex 0.86329 0.74583 0.45478
    endloop
  endfacet
  facet normal 0.013802 -0.537719 -0.843011
    outer loop
      vertex 0.66549 0.77324 0.43406
      vertex 0.86329 0.74583 0.45478
      vertex 0.64319 0.72752 0.46286
    endloop
  endfacet
  facet normal 0.326332 -0.251371 -0.911219
    outer loop
      vertex 0.82525 0.78643 0.42598
      vertex 0.92231 0.89082 0.43195
      vertex 1.00273 0.89082 0.46075
    endloop
  endfacet
  facet normal 0.350578 -0.300674 -0.886956
    outer loop
      vertex 0.82525 0.78643 0.42598
      vertex 1.00273 0.89082 0.46075
      vertex 0.86329 0.74583 0.45478
    endloop
  endfacet
  facet normal 0.335681 0.313939 0.888122
    outer loop
      vertex 1.00273 0.89082 0.46075
      vertex 0.85973 1.04022 0.46198
      vertex 0.81834 0.98943 0.49558
    endloop
  endfacet
  facet normal 0.330581 0.302308 0.894050
    outer loop
      vertex 1.00273 0.89082 0.46075
      vertex 0.81834 0.98943 0.49558
      vertex 0.91186 0.89082 0.49435
    endloop
  endfacet
  facet normal -0.037728 0.543967 0.838258
    outer loop
      vertex 0.85973 1.04022 0.46198
      vertex 0.64017 1.03697 0.45421
      vertex 0.67024 0.98728 0.48781
    endloop
  endfacet
  facet normal -0.051079 0.579585 0.813310
    outer loop
      vertex 0.85973 1.04022 0.46198
      vertex 0.67024 0.98728 0.48781
      vertex 0.81834 0.98943 0.49558
    endloop
  endfacet
  facet normal -0.314085 0.338770 0.886896
    outer loop
      vertex 0.64017 1.03697 0.45421
      vertex 0.49731 0.89082 0.45944
      vertex 0.59218 0.89082 0.49304
    endloop
  endfacet
  facet normal -0.376854 0.351437 0.857014
    outer loop
      vertex 0.64017 1.03697 0.45421
      vertex 0.59218 0.89082 0.49304
      vertex 0.67024 0.98728 0.48781
    endloop
  endfacet
  facet normal -0.351308 -0.295250 0.888488
    outer loop
      vertex 0.49731 0.89082 0.45944
      vertex 0.64319 0.72752 0.46286
      vertex 0.68150 0.78304 0.49646
    endloop
  endfacet
  facet normal -0.324102 -0.239586 0.915181
    outer loop
      vertex 0.49731 0.89082 0.45944
      vertex 0.68150 0.78304 0.49646
      vertex 0.59218 0.89082 0.49304
    endloop
  endfacet
  facet normal 0.074994 -0.528272 0.845757
    outer loop
      vertex 0.64319 0.72752 0.46286
      vertex 0.86329 0.74583 0.45478
      vertex 0.83161 0.79513 0.48838
    endloop
  endfacet
  facet normal 0.089424 -0.560113 0.823576
    outer loop
      vertex 0.64319 0.72752 0.46286
      vertex 0.83161 0.79513 0.48838
      vertex 0.68150 0.78304 0.49646
    endloop
  endfacet
  facet normal 0.325033 -0.348759 0.879045
    outer loop
      vertex 0.86329 0.74583 0.45478
      vertex 1.00273 0.89082 0.46075
      vertex 0.91186 0.89082 0.49435
    endloop
  endfacet
  facet normal 0.360416 -0.356010 0.862182
    outer loop
      vertex 0.86329 0.74583 0.45478
      vertex 0.91186 0.89082 0.49435
      vertex 0.83161 0.79513 0.48838
    endloop
  endfacet
  facet normal 0.034456 0.038813 -0.998652
    outer loop
      vertex 0.75000 0.89082 0.42600
      vertex 0.83695 0.99839 0.43318
      vertex 0.92231 0.89082 0.43195
    endloop
  endfacet
  facet normal 0.095972 0.078584 0.992277
    outer loop
      vertex 0.75000 0.89082 0.51000
      vertex 0.91186 0.89082 0.49435
      vertex 0.81834 0.98943 0.49558
    endloop
  endfacet
  facet normal 0.047646 0.028140 -0.998468
    outer loop
      vertex 0.75000 0.89082 0.42600
      vertex 0.67543 0.99605 0.42541
      vertex 0.83695 0.99839 0.43318
    endloop
  endfacet
  facet normal -0.054160 0.181132 0.981966
    outer loop
      vertex 0.75000 0.89082 0.51000
      vertex 0.81834 0.98943 0.49558
      vertex 0.67024 0.98728 0.48781
    endloop
  endfacet
  facet normal -0.026253 -0.024229 -0.999362
    outer loop
      vertex 0.75000 0.89082 0.42600
      vertex 0.57331 0.89082 0.43064
      vertex 0.67543 0.99605 0.42541
    endloop
  endfacet
  facet normal -0.105804 0.139038 0.984619
    outer loop
      vertex 0.75000 0.89082 0.51000
      vertex 0.67024 0.98728 0.48781
      vertex 0.59218 0.89082 0.49304
    endloop
  endfacet
  facet normal -0.026228 -0.049580 -0.998426
    outer loop
      vertex 0.75000 0.89082 0.42600
      vertex 0.66549 0.77324 0.43406
      vertex 0.57331 0.89082 0.43064
    endloop
  endfacet
  facet normal -0.106668 -0.056931 0.992663
    outer loop
      vertex 0.75000 0.89082 0.51000
      vertex 0.59218 0.89082 0.49304
      vertex 0.68150 0.78304 0.49646
    endloop
  endfacet
  facet normal -0.047658 -0.034167 -0.998279
    outer loop
      vertex 0.75000 0.89082 0.42600
      vertex 0.82525 0.78643 0.42598
      vertex 0.66549 0.77324 0.43406
    endloop
  endfacet
  facet normal 0.066299 -0.165760 0.983935
    outer loop
      vertex 0.75000 0.89082 0.51000
      vertex 0.68150 0.78304 0.49646
      vertex 0.83161 0.79513 0.48838
    endloop
  endfacet
  facet normal 0.034472 0.025034 -0.999092
    outer loop
      vertex 0.75000 0.89082 0.42600
      vertex 0.92231 0.89082 0.43195
      vertex 0.82525 0.78643 0.42598
    endloop
  endfacet
  facet normal 0.095303 -0.141348 0.985362
    outer loop
      vertex 0.75000 0.89082 0.51000
      vertex 0.83161 0.79513 0.48838
      vertex 0.91186 0.89082 0.49435
    endloop
  endfacet
  facet normal 0.732462 0.608667 -0.304999
    outer loop
      vertex -3.33119 -0.35000 -0.97679
      vertex -3.47135 -0.18599 -0.98608
      vertex -3.43741 -0.12220 -0.77728
    endloop
  endfacet
  facet normal 0.672172 0.639790 -0.372631
    outer loop
      vertex -3.33119 -0.35000 -0.97679
      vertex -3.43741 -0.12220 -0.77728
      vertex -3.21544 -0.35000 -0.76799
    endloop
  endfacet
  facet normal 0.067337 0.957892 -0.279121
    outer loop
      vertex -3.47135 -0.18599 -0.98608
      vertex -3.71448 -0.18309 -1.03479
      vertex -3.77233 -0.11818 -0.82599
    endloop
  endfacet
  facet normal 0.055056 0.952387 -0.299879
    outer loop
      vertex -3.47135 -0.18599 -0.98608
      vertex -3.77233 -0.11818 -0.82599
      vertex -3.43741 -0.12220 -0.77728
    endloop
  endfacet
  facet normal -0.724336 0.580354 -0.372193
    outer loop
      vertex -3.71448 -0.18309 -1.03479
      vertex -3.87382 -0.35000 -0.98496
      vertex -3.98111 -0.35000 -0.77616
    endloop
  endfacet
  facet normal -0.726593 0.572834 -0.379373
    outer loop
      vertex -3.71448 -0.18309 -1.03479
      vertex -3.98111 -0.35000 -0.77616
      vertex -3.77233 -0.11818 -0.82599
    endloop
  endfacet
  facet normal -0.720365 -0.613194 -0.324141
    outer loop
      vertex -3.87382 -0.35000 -0.98496
      vertex -3.72468 -0.52904 -0.97772
      vertex -3.75936 -0.59866 -0.76892
    endloop
  endfacet
  facet normal -0.692348 -0.627767 -0.355757
    outer loop
      vertex -3.87382 -0.35000 -0.98496
      vertex -3.75936 -0.59866 -0.76892
      vertex -3.98111 -0.35000 -0.77616
    endloop
  endfacet
  facet normal 0.005243 -0.957481 -0.288448
    outer loop
      vertex -3.72468 -0.52904 -0.97772
      vertex -3.48335 -0.51089 -1.03358
      vertex -3.42215 -0.57345 -0.82478
    endloop
  endfacet
  facet normal 0.019053 -0.949422 -0.313425
    outer loop
      vertex -3.72468 -0.52904 -0.97772
      vertex -3.42215 -0.57345 -0.82478
      vertex -3.75936 -0.59866 -0.76892
    endloop
  endfacet
  facet normal 0.731288 -0.548513 -0.405403
    outer loop
      vertex -3.48335 -0.51089 -1.03358
      vertex -3.33119 -0.35000 -0.97679
      vertex -3.21544 -0.35000 -0.76799
    endloop
  endfacet
  facet normal 0.724422 -0.572562 -0.383909
    outer loop
      vertex -3.48335 -0.51089 -1.03358
      vertex -3.21544 -0.35000 -0.76799
      vertex -3.42215 -0.57345 -0.82478
    endloop
  endfacet
  facet normal 0.658801 0.656895 0.366702
    outer loop
      vertex -3.21544 -0.35000 -0.76799
      vertex -3.43741 -0.12220 -0.77728
      vertex -3.49578 -0.19965 -0.53368
    endloop
  endfacet
  facet normal 0.668599 0.629351 0.396098
    outer loop
      vertex -3.21544 -0.35000 -0.76799
      vertex -3.49578 -0.19965 -0.53368
      vertex -3.35976 -0.35000 -0.52439
    endloop
  endfacet
  facet normal -0.034250 0.948876 0.313787
    outer loop
      vertex -3.43741 -0.12220 -0.77728
      vertex -3.77233 -0.11818 -0.82599
      vertex -3.72415 -0.19700 -0.58239
    endloop
  endfacet
  facet normal -0.051074 0.955217 0.291466
    outer loop
      vertex -3.43741 -0.12220 -0.77728
      vertex -3.72415 -0.19700 -0.58239
      vertex -3.49578 -0.19965 -0.53368
    endloop
  endfacet
  facet normal -0.641235 0.661211 0.389381
    outer loop
      vertex -3.77233 -0.11818 -0.82599
      vertex -3.98111 -0.35000 -0.77616
      vertex -3.83319 -0.35000 -0.53256
    endloop
  endfacet
  facet normal -0.710008 0.616701 0.339955
    outer loop
      vertex -3.77233 -0.11818 -0.82599
      vertex -3.83319 -0.35000 -0.53256
      vertex -3.72415 -0.19700 -0.58239
    endloop
  endfacet
  facet normal -0.699477 -0.613066 0.367263
    outer loop
      vertex -3.98111 -0.35000 -0.77616
      vertex -3.75936 -0.59866 -0.76892
      vertex -3.70556 -0.51412 -0.52532
    endloop
  endfacet
  facet normal -0.719348 -0.540123 0.436814
    outer loop
      vertex -3.98111 -0.35000 -0.77616
      vertex -3.70556 -0.51412 -0.52532
      vertex -3.83319 -0.35000 -0.53256
    endloop
  endfacet
  facet normal 0.123120 -0.939651 0.319214
    outer loop
      vertex -3.75936 -0.59866 -0.76892
      vertex -3.42215 -0.57345 -0.82478
      vertex -3.47389 -0.49748 -0.58118
    endloop
  endfacet
  facet normal 0.139462 -0.944624 0.297045
    outer loop
      vertex -3.75936 -0.59866 -0.76892
      vertex -3.47389 -0.49748 -0.58118
      vertex -3.70556 -0.51412 -0.52532
    endloop
  endfacet
  facet normal 0.631459 -0.679200 0.374095
    outer loop
      vertex -3.42215 -0.57345 -0.82478
      vertex -3.21544 -0.35000 -0.76799
      vertex -3.35976 -0.35000 -0.52439
    endloop
  endfacet
  facet normal 0.672416 -0.653913 0.346777
    outer loop
      vertex -3.42215 -0.57345 -0.82478
      vertex -3.35976 -0.35000 -0.52439
      vertex -3.47389 -0.49748 -0.58118
    endloop
  endfacet
  facet normal 0.189567 0.106743 -0.976048
    outer loop
      vertex -3.60000 -0.35000 -1.02900
      vertex -3.47135 -0.18599 -0.98608
      vertex -3.33119 -0.35000 -0.97679
    endloop
  endfacet
  facet normal 0.367808 0.385033 0.846444
    outer loop
      vertex -3.60000 -0.35000 -0.42000
      vertex -3.35976 -0.35000 -0.52439
      vertex -3.49578 -0.19965 -0.53368
    endloop
  endfacet
  facet normal 0.196621 0.101005 -0.975263
    outer loop
      vertex -3.60000 -0.35000 -1.02900
      vertex -3.71448 -0.18309 -1.03479
      vertex -3.47135 -0.18599 -0.98608
    endloop
  endfacet
  facet normal -0.149361 0.660143 0.736140
    outer loop
      vertex -3.60000 -0.35000 -0.42000
      vertex -3.49578 -0.19965 -0.53368
      vertex -3.72415 -0.19700 -0.58239
    endloop
  endfacet
  facet normal -0.157181 -0.141742 -0.977345
    outer loop
      vertex -3.60000 -0.35000 -1.02900
      vertex -3.87382 -0.35000 -0.98496
      vertex -3.71448 -0.18309 -1.03479
    endloop
  endfacet
  facet normal -0.372257 0.516452 0.771169
    outer loop
      vertex -3.60000 -0.35000 -0.42000
      vertex -3.72415 -0.19700 -0.58239
      vertex -3.83319 -0.35000 -0.53256
    endloop
  endfacet
  facet normal -0.156481 -0.169713 -0.972991
    outer loop
      vertex -3.60000 -0.35000 -1.02900
      vertex -3.72468 -0.52904 -0.97772
      vertex -3.87382 -0.35000 -0.98496
    endloop
  endfacet
  facet normal -0.416578 -0.285867 0.862985
    outer loop
      vertex -3.60000 -0.35000 -0.42000
      vertex -3.83319 -0.35000 -0.53256
      vertex -3.70556 -0.51412 -0.52532
    endloop
  endfacet
  facet normal -0.214510 -0.127961 -0.968303
    outer loop
      vertex -3.60000 -0.35000 -1.02900
      vertex -3.48335 -0.51089 -1.03358
      vertex -3.72468 -0.52904 -0.97772
    endloop
  endfacet
  facet normal 0.225153 -0.624666 0.747729
    outer loop
      vertex -3.60000 -0.35000 -0.42000
      vertex -3.70556 -0.51412 -0.52532
      vertex -3.47389 -0.49748 -0.58118
    endloop
  endfacet
  facet normal 0.188077 0.163928 -0.968377
    outer loop
      vertex -3.60000 -0.35000 -1.02900
      vertex -3.33119 -0.35000 -0.97679
      vertex -3.48335 -0.51089 -1.03358
    endloop
  endfacet
  facet normal 0.332379 -0.551758 0.764910
    outer loop
      vertex -3.60000 -0.35000 -0.42000
      vertex -3.47389 -0.49748 -0.58118
      vertex -3.35976 -0.35000 -0.52439
    endloop
  endfacet
  facet normal 0.725018 0.606346 -0.326640
    outer loop
      vertex 3.48245 0.75000 -1.21064
      vertex 3.32920 0.90537 -1.26240
      vertex 3.38572 0.96579 -1.02480
    endloop
  endfacet
  facet normal 0.712018 0.613441 -0.341645
    outer loop
      vertex 3.48245 0.75000 -1.21064
      vertex 3.38572 0.96579 -1.02480
      vertex 3.59646 0.75000 -0.97304
    endloop
  endfacet
  facet normal 0.239163 0.926971 -0.289007
    outer loop
      vertex 3.32920 0.90537 -1.26240
      vertex 3.08547 0.96306 -1.27904
      vertex 3.05144 1.04592 -1.04144
    endloop
  endfacet
  facet normal 0.236680 0.926687 -0.291948
    outer loop
      vertex 3.32920 0.90537 -1.26240
      vertex 3.05144 1.04592 -1.04144
      vertex 3.38572 0.96579 -1.02480
    endloop
  endfacet
  facet normal -0.480093 0.815879 -0.322260
    outer loop
      vertex 3.08547 0.96306 -1.27904
      vertex 2.85088 0.85093 -1.21343
      vertex 2.75809 0.89018 -0.97583
    endloop
  endfacet
  facet normal -0.499130 0.793491 -0.348196
    outer loop
      vertex 3.08547 0.96306 -1.27904
      vertex 2.75809 0.89018 -0.97583
      vertex 3.05144 1.04592 -1.04144
    endloop
  endfacet
  facet normal -0.917239 -0.151303 -0.368484
    outer loop
      vertex 2.85088 0.85093 -1.21343
      vertex 2.89775 0.65924 -1.25139
      vertex 2.80812 0.62395 -1.01379
    endloop
  endfacet
  facet normal -0.930944 -0.126057 -0.342715
    outer loop
      vertex 2.85088 0.85093 -1.21343
      vertex 2.80812 0.62395 -1.01379
      vertex 2.75809 0.89018 -0.97583
    endloop
  endfacet
  facet normal -0.510860 -0.794448 -0.328442
    outer loop
      vertex 2.89775 0.65924 -1.25139
      vertex 3.08342 0.55391 -1.28541
      vertex 3.04926 0.47765 -1.04781
    endloop
  endfacet
  facet normal -0.524356 -0.790972 -0.315298
    outer loop
      vertex 2.89775 0.65924 -1.25139
      vertex 3.04926 0.47765 -1.04781
      vertex 2.80812 0.62395 -1.01379
    endloop
  endfacet
  facet normal 0.140531 -0.941141 -0.307416
    outer loop
      vertex 3.08342 0.55391 -1.28541
      vertex 3.35488 0.57279 -1.21914
      vertex 3.41312 0.50388 -0.98154
    endloop
  endfacet
  facet normal 0.120869 -0.950105 -0.287559
    outer loop
      vertex 3.08342 0.55391 -1.28541
      vertex 3.41312 0.50388 -0.98154
      vertex 3.04926 0.47765 -1.04781
    endloop
  endfacet
  facet normal 0.763394 -0.532030 -0.366297
    outer loop
      vertex 3.35488 0.57279 -1.21914
      vertex 3.48245 0.75000 -1.21064
      vertex 3.59646 0.75000 -0.97304
    endloop
  endfacet
  facet normal 0.758060 -0.552749 -0.346141
    outer loop
      vertex 3.35488 0.57279 -1.21914
      vertex 3.59646 0.75000 -0.97304
      vertex 3.41312 0.50388 -0.98154
    endloop
  endfacet
  facet normal 0.627086 0.696219 0.349347
    outer loop
      vertex 3.59646 0.75000 -0.97304
      vertex 3.38572 0.96579 -1.02480
      vertex 3.31274 0.89242 -0.74760
    endloop
  endfacet
  facet normal 0.650312 0.634691 0.417446
    outer loop
      vertex 3.59646 0.75000 -0.97304
      vertex 3.31274 0.89242 -0.74760
      vertex 3.41852 0.75000 -0.69584
    endloop
  endfacet
  facet normal 0.206571 0.926839 0.313525
    outer loop
      vertex 3.38572 0.96579 -1.02480
      vertex 3.05144 1.04592 -1.04144
      vertex 3.08215 0.94531 -0.76424
    endloop
  endfacet
  facet normal 0.192876 0.934814 0.298196
    outer loop
      vertex 3.38572 0.96579 -1.02480
      vertex 3.08215 0.94531 -0.76424
      vertex 3.31274 0.89242 -0.74760
    endloop
  endfacet
  facet normal -0.373838 0.855298 0.358762
    outer loop
      vertex 3.05144 1.04592 -1.04144
      vertex 2.75809 0.89018 -0.97583
      vertex 2.91507 0.84252 -0.69863
    endloop
  endfacet
  facet normal -0.386179 0.852533 0.352212
    outer loop
      vertex 3.05144 1.04592 -1.04144
      vertex 2.91507 0.84252 -0.69863
      vertex 3.08215 0.94531 -0.76424
    endloop
  endfacet
  facet normal -0.906213 -0.221618 0.360087
    outer loop
      vertex 2.75809 0.89018 -0.97583
      vertex 2.80812 0.62395 -1.01379
      vertex 2.90778 0.66681 -0.73659
    endloop
  endfacet
  facet normal -0.873116 -0.068081 0.482735
    outer loop
      vertex 2.75809 0.89018 -0.97583
      vertex 2.90778 0.66681 -0.73659
      vertex 2.91507 0.84252 -0.69863
    endloop
  endfacet
  facet normal -0.454986 -0.826813 0.330710
    outer loop
      vertex 2.80812 0.62395 -1.01379
      vertex 3.04926 0.47765 -1.04781
      vertex 3.08247 0.57025 -0.77061
    endloop
  endfacet
  facet normal -0.420768 -0.861413 0.284467
    outer loop
      vertex 2.80812 0.62395 -1.01379
      vertex 3.08247 0.57025 -0.77061
      vertex 2.90778 0.66681 -0.73659
    endloop
  endfacet
  facet normal 0.015307 -0.955609 0.294241
    outer loop
      vertex 3.04926 0.47765 -1.04781
      vertex 3.41312 0.50388 -0.98154
      vertex 3.30875 0.58756 -0.70434
    endloop
  endfacet
  facet normal -0.020931 -0.947514 0.319028
    outer loop
      vertex 3.04926 0.47765 -1.04781
      vertex 3.30875 0.58756 -0.70434
      vertex 3.08247 0.57025 -0.77061
    endloop
  endfacet
  facet normal 0.707024 -0.542344 0.453850
    outer loop
      vertex 3.41312 0.50388 -0.98154
      vertex 3.59646 0.75000 -0.97304
      vertex 3.41852 0.75000 -0.69584
    endloop
  endfacet
  facet normal 0.735776 -0.519903 0.433975
    outer loop
      vertex 3.41312 0.50388 -0.98154
      vertex 3.41852 0.75000 -0.69584
      vertex 3.30875 0.58756 -0.70434
    endloop
  endfacet
  facet normal 0.211257 -0.114948 -0.970648
    outer loop
      vertex 3.15000 0.75000 -1.28300
      vertex 3.32920 0.90537 -1.26240
      vertex 3.48245 0.75000 -1.21064
    endloop
  endfacet
  facet normal 0.313000 0.521029 0.794078
    outer loop
      vertex 3.15000 0.75000 -0.59000
      vertex 3.41852 0.75000 -0.69584
      vertex 3.31274 0.89242 -0.74760
    endloop
  endfacet
  facet normal 0.077988 0.042135 -0.996064
    outer loop
      vertex 3.15000 0.75000 -1.28300
      vertex 3.08547 0.96306 -1.27904
      vertex 3.32920 0.90537 -1.26240
    endloop
  endfacet
  facet normal 0.104170 0.681999 0.723896
    outer loop
      vertex 3.15000 0.75000 -0.59000
      vertex 3.31274 0.89242 -0.74760
      vertex 3.08215 0.94531 -0.76424
    endloop
  endfacet
  facet normal -0.244026 -0.055907 -0.968156
    outer loop
      vertex 3.15000 0.75000 -1.28300
      vertex 2.85088 0.85093 -1.21343
      vertex 3.08547 0.96306 -1.27904
    endloop
  endfacet
  facet normal -0.097698 0.643415 0.759257
    outer loop
      vertex 3.15000 0.75000 -0.59000
      vertex 3.08215 0.94531 -0.76424
      vertex 2.91507 0.84252 -0.69863
    endloop
  endfacet
  facet normal -0.175770 0.149705 -0.972982
    outer loop
      vertex 3.15000 0.75000 -1.28300
      vertex 2.89775 0.65924 -1.25139
      vertex 2.85088 0.85093 -1.21343
    endloop
  endfacet
  facet normal -0.467508 -0.168102 0.867858
    outer loop
      vertex 3.15000 0.75000 -0.59000
      vertex 2.91507 0.84252 -0.69863
      vertex 2.90778 0.66681 -0.73659
    endloop
  endfacet
  facet normal -0.145891 0.061644 -0.987378
    outer loop
      vertex 3.15000 0.75000 -1.28300
      vertex 3.08342 0.55391 -1.28541
      vertex 2.89775 0.65924 -1.25139
    endloop
  endfacet
  facet normal -0.217483 -0.649946 0.728198
    outer loop
      vertex 3.15000 0.75000 -0.59000
      vertex 2.90778 0.66681 -0.73659
      vertex 3.08247 0.57025 -0.77061
    endloop
  endfacet
  facet normal 0.241169 -0.070005 -0.967955
    outer loop
      vertex 3.15000 0.75000 -1.28300
      vertex 3.35488 0.57279 -1.21914
      vertex 3.08342 0.55391 -1.28541
    endloop
  endfacet
  facet normal -0.161405 -0.668652 0.725846
    outer loop
      vertex 3.15000 0.75000 -0.59000
      vertex 3.08247 0.57025 -0.77061
      vertex 3.30875 0.58756 -0.70434
    endloop
  endfacet
  facet normal 0.211476 -0.105669 -0.971654
    outer loop
      vertex 3.15000 0.75000 -1.28300
      vertex 3.48245 0.75000 -1.21064
      vertex 3.35488 0.57279 -1.21914
    endloop
  endfacet
  facet normal 0.351584 -0.284232 0.891965
    outer loop
      vertex 3.15000 0.75000 -0.59000
      vertex 3.30875 0.58756 -0.70434
      vertex 3.41852 0.75000 -0.69584
    endloop
  endfacet
  facet normal 0.722468 0.586084 -0.366803
    outer loop
      vertex -1.58198 1.10000 -1.72899
      vertex -1.70876 1.22914 -1.77236
      vertex -1.67091 1.27936 -1.61756
    endloop
  endfacet
  facet normal 0.767034 0.566932 -0.300412
    outer loop
      vertex -1.58198 1.10000 -1.72899
      vertex -1.67091 1.27936 -1.61756
      vertex -1.52135 1.10000 -1.57419
    endloop
  endfacet
  facet normal 0.045881 0.942802 -0.330181
    outer loop
      vertex -1.70876 1.22914 -1.77236
      vertex -1.90384 1.24562 -1.75240
      vertex -1.95352 1.30225 -1.59760
    endloop
  endfacet
  facet normal 0.054018 0.945856 -0.320061
    outer loop
      vertex -1.70876 1.22914 -1.77236
      vertex -1.95352 1.30225 -1.59760
      vertex -1.67091 1.27936 -1.61756
    endloop
  endfacet
  facet normal -0.789558 0.541954 -0.287897
    outer loop
      vertex -1.90384 1.24562 -1.75240
      vertex -2.01355 1.10000 -1.72564
      vertex -2.07000 1.10000 -1.57084
    endloop
  endfacet
  facet normal -0.812172 0.413285 -0.411792
    outer loop
      vertex -1.90384 1.24562 -1.75240
      vertex -2.07000 1.10000 -1.57084
      vertex -1.95352 1.30225 -1.59760
    endloop
  endfacet
  facet normal -0.725432 -0.574649 -0.378849
    outer loop
      vertex -2.01355 1.10000 -1.72564
      vertex -1.89072 0.97277 -1.76787
      vertex -1.93237 0.92330 -1.61307
    endloop
  endfacet
  facet normal -0.787754 -0.544920 -0.287239
    outer loop
      vertex -2.01355 1.10000 -1.72564
      vertex -1.93237 0.92330 -1.61307
      vertex -2.07000 1.10000 -1.57084
    endloop
  endfacet
  facet normal -0.018663 -0.949373 -0.313597
    outer loop
      vertex -1.89072 0.97277 -1.76787
      vertex -1.69331 0.96612 -1.75948
      vertex -1.64602 0.91406 -1.60468
    endloop
  endfacet
  facet normal -0.021598 -0.950608 -0.309640
    outer loop
      vertex -1.89072 0.97277 -1.76787
      vertex -1.64602 0.91406 -1.60468
      vertex -1.93237 0.92330 -1.61307
    endloop
  endfacet
  facet normal 0.765946 -0.568625 -0.299986
    outer loop
      vertex -1.69331 0.96612 -1.75948
      vertex -1.58198 1.10000 -1.72899
      vertex -1.52135 1.10000 -1.57419
    endloop
  endfacet
  facet normal 0.790837 -0.464954 -0.397989
    outer loop
      vertex -1.69331 0.96612 -1.75948
      vertex -1.52135 1.10000 -1.57419
      vertex -1.64602 0.91406 -1.60468
    endloop
  endfacet
  facet normal 0.675123 0.648130 0.352331
    outer loop
      vertex -1.52135 1.10000 -1.57419
      vertex -1.67091 1.27936 -1.61756
      vertex -1.70661 1.21838 -1.43696
    endloop
  endfacet
  facet normal 0.688538 0.592018 0.418843
    outer loop
      vertex -1.52135 1.10000 -1.57419
      vertex -1.70661 1.21838 -1.43696
      vertex -1.63122 1.10000 -1.39359
    endloop
  endfacet
  facet normal 0.099262 0.939486 0.327891
    outer loop
      vertex -1.67091 1.27936 -1.61756
      vertex -1.95352 1.30225 -1.59760
      vertex -1.89925 1.23348 -1.41700
    endloop
  endfacet
  facet normal 0.108289 0.935189 0.337186
    outer loop
      vertex -1.67091 1.27936 -1.61756
      vertex -1.89925 1.23348 -1.41700
      vertex -1.70661 1.21838 -1.43696
    endloop
  endfacet
  facet normal -0.755562 0.492332 0.432128
    outer loop
      vertex -1.95352 1.30225 -1.59760
      vertex -2.07000 1.10000 -1.57084
      vertex -1.96671 1.10000 -1.39024
    endloop
  endfacet
  facet normal -0.776210 0.475314 0.414216
    outer loop
      vertex -1.95352 1.30225 -1.59760
      vertex -1.96671 1.10000 -1.39024
      vertex -1.89925 1.23348 -1.41700
    endloop
  endfacet
  facet normal -0.697455 -0.626418 0.348076
    outer loop
      vertex -2.07000 1.10000 -1.57084
      vertex -1.93237 0.92330 -1.61307
      vertex -1.89620 0.98338 -1.43247
    endloop
  endfacet
  facet normal -0.709602 -0.575983 0.405843
    outer loop
      vertex -2.07000 1.10000 -1.57084
      vertex -1.89620 0.98338 -1.43247
      vertex -1.96671 1.10000 -1.39024
    endloop
  endfacet
  facet normal -0.039894 -0.946951 0.318891
    outer loop
      vertex -1.93237 0.92330 -1.61307
      vertex -1.64602 0.91406 -1.60468
      vertex -1.70303 0.97728 -1.42408
    endloop
  endfacet
  facet normal -0.043876 -0.945296 0.323251
    outer loop
      vertex -1.93237 0.92330 -1.61307
      vertex -1.70303 0.97728 -1.42408
      vertex -1.89620 0.98338 -1.43247
    endloop
  endfacet
  facet normal 0.713691 -0.549695 0.434144
    outer loop
      vertex -1.64602 0.91406 -1.60468
      vertex -1.52135 1.10000 -1.57419
      vertex -1.63122 1.10000 -1.39359
    endloop
  endfacet
  facet normal 0.734579 -0.533888 0.418756
    outer loop
      vertex -1.64602 0.91406 -1.60468
      vertex -1.63122 1.10000 -1.39359
      vertex -1.70303 0.97728 -1.42408
    endloop
  endfacet
  facet normal 0.189486 -0.140343 -0.971802
    outer loop
      vertex -1.80000 1.10000 -1.77150
      vertex -1.70876 1.22914 -1.77236
      vertex -1.58198 1.10000 -1.72899
    endloop
  endfacet
  facet normal 0.344157 0.508407 0.789353
    outer loop
      vertex -1.80000 1.10000 -1.32000
      vertex -1.63122 1.10000 -1.39359
      vertex -1.70661 1.21838 -1.43696
    endloop
  endfacet
  facet normal -0.096436 0.061527 -0.993436
    outer loop
      vertex -1.80000 1.10000 -1.77150
      vertex -1.90384 1.24562 -1.75240
      vertex -1.70876 1.22914 -1.77236
    endloop
  endfacet
  facet normal 0.128650 0.643793 0.754308
    outer loop
      vertex -1.80000 1.10000 -1.32000
      vertex -1.70661 1.21838 -1.43696
      vertex -1.89925 1.23348 -1.41700
    endloop
  endfacet
  facet normal -0.209898 -0.021477 -0.977487
    outer loop
      vertex -1.80000 1.10000 -1.77150
      vertex -2.01355 1.10000 -1.72564
      vertex -1.90384 1.24562 -1.75240
    endloop
  endfacet
  facet normal -0.362851 0.356003 0.861163
    outer loop
      vertex -1.80000 1.10000 -1.32000
      vertex -1.89925 1.23348 -1.41700
      vertex -1.96671 1.10000 -1.39024
    endloop
  endfacet
  facet normal -0.208406 0.120928 -0.970538
    outer loop
      vertex -1.80000 1.10000 -1.77150
      vertex -1.89072 0.97277 -1.76787
      vertex -2.01355 1.10000 -1.72564
    endloop
  endfacet
  facet normal -0.337563 -0.494183 0.801146
    outer loop
      vertex -1.80000 1.10000 -1.32000
      vertex -1.96671 1.10000 -1.39024
      vertex -1.89620 0.98338 -1.43247
    endloop
  endfacet
  facet normal 0.040460 -0.057300 -0.997537
    outer loop
      vertex -1.80000 1.10000 -1.77150
      vertex -1.69331 0.96612 -1.75948
      vertex -1.89072 0.97277 -1.76787
    endloop
  endfacet
  facet normal -0.053303 -0.670064 0.740387
    outer loop
      vertex -1.80000 1.10000 -1.32000
      vertex -1.89620 0.98338 -1.43247
      vertex -1.70303 0.97728 -1.42408
    endloop
  endfacet
  facet normal 0.190985 0.064274 -0.979486
    outer loop
      vertex -1.80000 1.10000 -1.77150
      vertex -1.58198 1.10000 -1.72899
      vertex -1.69331 0.96612 -1.75948
    endloop
  endfacet
  facet normal 0.362866 -0.419126 0.832263
    outer loop
      vertex -1.80000 1.10000 -1.32000
      vertex -1.70303 0.97728 -1.42408
      vertex -1.63122 1.10000 -1.39359
    endloop
  endfacet
  facet normal 0.745774 0.542926 -0.386072
    outer loop
      vertex 2.22811 -0.65000 -2.14341
      vertex 2.10135 -0.50146 -2.17936
      vertex 2.15248 -0.44369 -1.99936
    endloop
  endfacet
  facet normal 0.824414 0.494471 -0.275390
    outer loop
      vertex 2.22811 -0.65000 -2.14341
      vertex 2.15248 -0.44369 -1.99936
      vertex 2.28823 -0.65000 -1.96341
    endloop
  endfacet
  facet normal -0.015305 0.942726 -0.333217
    outer loop
      vertex 2.10135 -0.50146 -2.17936
      vertex 1.87879 -0.48839 -2.13216
      vertex 1.83115 -0.42554 -1.95216
    endloop
  endfacet
  facet normal 0.008539 0.951424 -0.307766
    outer loop
      vertex 2.10135 -0.50146 -2.17936
      vertex 1.83115 -0.42554 -1.95216
      vertex 2.15248 -0.44369 -1.99936
    endloop
  endfacet
  facet normal -0.814644 0.509147 -0.277713
    outer loop
      vertex 1.87879 -0.48839 -2.13216
      vertex 1.77892 -0.65000 -2.13549
      vertex 1.71756 -0.65000 -1.95549
    endloop
  endfacet
  facet normal -0.827704 0.424322 -0.367227
    outer loop
      vertex 1.87879 -0.48839 -2.13216
      vertex 1.71756 -0.65000 -1.95549
      vertex 1.83115 -0.42554 -1.95216
    endloop
  endfacet
  facet normal -0.759727 -0.524062 -0.384933
    outer loop
      vertex 1.77892 -0.65000 -2.13549
      vertex 1.89676 -0.78820 -2.17991
      vertex 1.84263 -0.84194 -1.99991
    endloop
  endfacet
  facet normal -0.832118 -0.476561 -0.283670
    outer loop
      vertex 1.77892 -0.65000 -2.13549
      vertex 1.84263 -0.84194 -1.99991
      vertex 1.71756 -0.65000 -1.95549
    endloop
  endfacet
  facet normal -0.012851 -0.949353 -0.313948
    outer loop
      vertex 1.89676 -0.78820 -2.17991
      vertex 2.12250 -0.80458 -2.13961
      vertex 2.16599 -0.86469 -1.95961
    endloop
  endfacet
  facet normal -0.030529 -0.955202 -0.294375
    outer loop
      vertex 1.89676 -0.78820 -2.17991
      vertex 2.16599 -0.86469 -1.95961
      vertex 1.84263 -0.84194 -1.99991
    endloop
  endfacet
  facet normal 0.793148 -0.548380 -0.264946
    outer loop
      vertex 2.12250 -0.80458 -2.13961
      vertex 2.22811 -0.65000 -2.14341
      vertex 2.28823 -0.65000 -1.96341
    endloop
  endfacet
  facet normal 0.810664 -0.467813 -0.352101
    outer loop
      vertex 2.12250 -0.80458 -2.13961
      vertex 2.28823 -0.65000 -1.96341
      vertex 2.16599 -0.86469 -1.95961
    endloop
  endfacet
  facet normal 0.757384 0.557568 0.339834
    outer loop
      vertex 2.28823 -0.65000 -1.96341
      vertex 2.15248 -0.44369 -1.99936
      vertex 2.10990 -0.51383 -1.78936
    endloop
  endfacet
  facet normal 0.765978 0.519936 0.378080
    outer loop
      vertex 2.28823 -0.65000 -1.96341
      vertex 2.10990 -0.51383 -1.78936
      vertex 2.18458 -0.65000 -1.75341
    endloop
  endfacet
  facet normal 0.099247 0.944754 0.312393
    outer loop
      vertex 2.15248 -0.44369 -1.99936
      vertex 1.83115 -0.42554 -1.95216
      vertex 1.89663 -0.50185 -1.74216
    endloop
  endfacet
  facet normal 0.127046 0.932772 0.337337
    outer loop
      vertex 2.15248 -0.44369 -1.99936
      vertex 1.89663 -0.50185 -1.74216
      vertex 2.10990 -0.51383 -1.78936
    endloop
  endfacet
  facet normal -0.828645 0.413754 0.377035
    outer loop
      vertex 1.83115 -0.42554 -1.95216
      vertex 1.71756 -0.65000 -1.95549
      vertex 1.81311 -0.65000 -1.74549
    endloop
  endfacet
  facet normal -0.798692 0.441075 0.409322
    outer loop
      vertex 1.83115 -0.42554 -1.95216
      vertex 1.81311 -0.65000 -1.74549
      vertex 1.89663 -0.50185 -1.74216
    endloop
  endfacet
  facet normal -0.750136 -0.567401 0.339636
    outer loop
      vertex 1.71756 -0.65000 -1.95549
      vertex 1.84263 -0.84194 -1.99991
      vertex 1.88835 -0.77668 -1.78991
    endloop
  endfacet
  facet normal -0.750639 -0.565588 0.341543
    outer loop
      vertex 1.71756 -0.65000 -1.95549
      vertex 1.88835 -0.77668 -1.78991
      vertex 1.81311 -0.65000 -1.74549
    endloop
  endfacet
  facet normal -0.103852 -0.949105 0.297347
    outer loop
      vertex 1.84263 -0.84194 -1.99991
      vertex 2.16599 -0.86469 -1.95961
      vertex 2.10015 -0.79170 -1.74961
    endloop
  endfacet
  facet normal -0.127385 -0.938976 0.319526
    outer loop
      vertex 1.84263 -0.84194 -1.99991
      vertex 2.10015 -0.79170 -1.74961
      vertex 1.88835 -0.77668 -1.78991
    endloop
  endfacet
  facet normal 0.801159 -0.449185 0.395445
    outer loop
      vertex 2.16599 -0.86469 -1.95961
      vertex 2.28823 -0.65000 -1.96341
      vertex 2.18458 -0.65000 -1.75341
    endloop
  endfacet
  facet normal 0.789368 -0.459447 0.407193
    outer loop
      vertex 2.16599 -0.86469 -1.95961
      vertex 2.18458 -0.65000 -1.75341
      vertex 2.10015 -0.79170 -1.74961
    endloop
  endfacet
  facet normal 0.136174 -0.121743 -0.983176
    outer loop
      vertex 2.00000 -0.65000 -2.17500
      vertex 2.10135 -0.50146 -2.17936
      vertex 2.22811 -0.65000 -2.14341
    endloop
  endfacet
  facet normal 0.437435 0.446066 0.780817
    outer loop
      vertex 2.00000 -0.65000 -1.65000
      vertex 2.18458 -0.65000 -1.75341
      vertex 2.10990 -0.51383 -1.78936
    endloop
  endfacet
  facet normal -0.200154 0.108014 -0.973792
    outer loop
      vertex 2.00000 -0.65000 -2.17500
      vertex 1.87879 -0.48839 -2.13216
      vertex 2.10135 -0.50146 -2.17936
    endloop
  endfacet
  facet normal 0.203098 0.615469 0.761544
    outer loop
      vertex 2.00000 -0.65000 -1.65000
      vertex 2.10990 -0.51383 -1.78936
      vertex 1.89663 -0.50185 -1.74216
    endloop
  endfacet
  facet normal -0.174475 0.127941 -0.976314
    outer loop
      vertex 2.00000 -0.65000 -2.17500
      vertex 1.77892 -0.65000 -2.13549
      vertex 1.87879 -0.48839 -2.13216
    endloop
  endfacet
  facet normal -0.442785 0.230145 0.866588
    outer loop
      vertex 2.00000 -0.65000 -1.65000
      vertex 1.89663 -0.50185 -1.74216
      vertex 1.81311 -0.65000 -1.74549
    endloop
  endfacet
  facet normal -0.173534 0.164175 -0.971047
    outer loop
      vertex 2.00000 -0.65000 -2.17500
      vertex 1.89676 -0.78820 -2.17991
      vertex 1.77892 -0.65000 -2.13549
    endloop
  endfacet
  facet normal -0.393160 -0.503335 0.769466
    outer loop
      vertex 2.00000 -0.65000 -1.65000
      vertex 1.81311 -0.65000 -1.74549
      vertex 1.88835 -0.77668 -1.78991
    endloop
  endfacet
  facet normal 0.168620 -0.091070 -0.981465
    outer loop
      vertex 2.00000 -0.65000 -2.17500
      vertex 2.12250 -0.80458 -2.13961
      vertex 1.89676 -0.78820 -2.17991
    endloop
  endfacet
  facet normal -0.186311 -0.649750 0.736963
    outer loop
      vertex 2.00000 -0.65000 -1.65000
      vertex 1.88835 -0.77668 -1.78991
      vertex 2.10015 -0.79170 -1.74961
    endloop
  endfacet
  facet normal 0.136248 -0.117239 -0.983713
    outer loop
      vertex 2.00000 -0.65000 -2.17500
      vertex 2.22811 -0.65000 -2.14341
      vertex 2.12250 -0.80458 -2.13961
    endloop
  endfacet
  facet normal 0.472111 -0.258740 0.842713
    outer loop
      vertex 2.00000 -0.65000 -1.65000
      vertex 2.10015 -0.79170 -1.74961
      vertex 2.18458 -0.65000 -1.75341
    endloop
  endfacet
  facet normal 0.725241 0.558291 0.402911
    outer loop
      vertex -0.85000 0.38000 1.06400
      vertex -0.67000 0.38000 0.74000
      vertex -0.76000 0.49691 0.74000
    endloop
  endfacet
  facet normal 0.725241 0.558291 -0.402911
    outer loop
      vertex -0.85000 0.38000 0.41600
      vertex -0.76000 0.49691 0.74000
      vertex -0.67000 0.38000 0.74000
    endloop
  endfacet
  facet normal 0.000000 0.940634 0.339422
    outer loop
      vertex -0.85000 0.38000 1.06400
      vertex -0.76000 0.49691 0.74000
      vertex -0.94000 0.49691 0.74000
    endloop
  endfacet
  facet normal 0.000000 0.940634 -0.339422
    outer loop
      vertex -0.85000 0.38000 0.41600
      vertex -0.94000 0.49691 0.74000
      vertex -0.76000 0.49691 0.74000
    endloop
  endfacet
  facet normal -0.725241 0.558291 0.402911
    outer loop
      vertex -0.85000 0.38000 1.06400
      vertex -0.94000 0.49691 0.74000
      vertex -1.03000 0.38000 0.74000
    endloop
  endfacet
  facet normal -0.725241 0.558291 -0.402911
    outer loop
      vertex -0.85000 0.38000 0.41600
      vertex -1.03000 0.38000 0.74000
      vertex -0.94000 0.49691 0.74000
    endloop
  endfacet
  facet normal -0.725241 -0.558291 0.402911
    outer loop
      vertex -0.85000 0.38000 1.06400
      vertex -1.03000 0.38000 0.74000
      vertex -0.94000 0.26309 0.74000
    endloop
  endfacet
  facet normal -0.725241 -0.558291 -0.402911
    outer loop
      vertex -0.85000 0.38000 0.41600
      vertex -0.94000 0.26309 0.74000
      vertex -1.03000 0.38000 0.74000
    endloop
  endfacet
  facet normal 0.000000 -0.940634 0.339422
    outer loop
      vertex -0.85000 0.38000 1.06400
      vertex -0.94000 0.26309 0.74000
      vertex -0.76000 0.26309 0.74000
    endloop
  endfacet
  facet normal 0.000000 -0.940634 -0.339422
    outer loop
      vertex -0.85000 0.38000 0.41600
      vertex -0.76000 0.26309 0.74000
      vertex -0.94000 0.26309 0.74000
    endloop
  endfacet
  facet normal 0.725241 -0.558291 0.402911
    outer loop
      vertex -0.85000 0.38000 1.06400
      vertex -0.76000 0.26309 0.74000
      vertex -0.67000 0.38000 0.74000
    endloop
  endfacet
  facet normal 0.725241 -0.558291 -0.402911
    outer loop
      vertex -0.85000 0.38000 0.41600
      vertex -0.67000 0.38000 0.74000
      vertex -0.76000 0.26309 0.74000
    endloop
  endfacet
  facet normal 0.725241 0.558291 0.402911
    outer loop
      vertex 2.95000 -0.15000 1.05800
      vertex 3.11000 -0.15000 0.77000
      vertex 3.03000 -0.04608 0.77000
    endloop
  endfacet
  facet normal 0.725241 0.558291 -0.402911
    outer loop
      vertex 2.95000 -0.15000 0.48200
      vertex 3.03000 -0.04608 0.77000
      vertex 3.11000 -0.15000 0.77000
    endloop
  endfacet
  facet normal 0.000000 0.940634 0.339422
    outer loop
      vertex 2.95000 -0.15000 1.05800
      vertex 3.03000 -0.04608 0.77000
      vertex 2.87000 -0.04608 0.77000
    endloop
  endfacet
  facet normal 0.000000 0.940634 -0.339422
    outer loop
      vertex 2.95000 -0.15000 0.48200
      vertex 2.87000 -0.04608 0.77000
      vertex 3.03000 -0.04608 0.77000
    endloop
  endfacet
  facet normal -0.725241 0.558291 0.402911
    outer loop
      vertex 2.95000 -0.15000 1.05800
      vertex 2.87000 -0.04608 0.77000
      vertex 2.79000 -0.15000 0.77000
    endloop
  endfacet
  facet normal -0.725241 0.558291 -0.402911
    outer loop
      vertex 2.95000 -0.15000 0.48200
      vertex 2.79000 -0.15000 0.77000
      vertex 2.87000 -0.04608 0.77000
    endloop
  endfacet
  facet normal -0.725241 -0.558291 0.402911
    outer loop
      vertex 2.95000 -0.15000 1.05800
      vertex 2.79000 -0.15000 0.77000
      vertex 2.87000 -0.25392 0.77000
    endloop
  endfacet
  facet normal -0.725241 -0.558291 -0.402911
    outer loop
      vertex 2.95000 -0.15000 0.48200
      vertex 2.87000 -0.25392 0.77000
      vertex 2.79000 -0.15000 0.77000
    endloop
  endfacet
  facet normal 0.000000 -0.940634 0.339422
    outer loop
      vertex 2.95000 -0.15000 1.05800
      vertex 2.87000 -0.25392 0.77000
      vertex 3.03000 -0.25392 0.77000
    endloop
  endfacet
  facet normal 0.000000 -0.940634 -0.339422
    outer loop
      vertex 2.95000 -0.15000 0.48200
      vertex 3.03000 -0.25392 0.77000
      vertex 2.87000 -0.25392 0.77000
    endloop
  endfacet
  facet normal 0.725241 -0.558291 0.402911
    outer loop
      vertex 2.95000 -0.15000 1.05800
      vertex 3.03000 -0.25392 0.77000
      vertex 3.11000 -0.15000 0.77000
    endloop
  endfacet
  facet normal 0.725241 -0.558291 -0.402911
    outer loop
      vertex 2.95000 -0.15000 0.48200
      vertex 3.11000 -0.15000 0.77000
      vertex 3.03000 -0.25392 0.77000
    endloop
  endfacet
  facet normal 0.725241 0.558291 0.402911
    outer loop
      vertex -1.12000 -1.60000 0.92400
      vertex -0.99000 -1.60000 0.69000
      vertex -1.05500 -1.51556 0.69000
    endloop
  endfacet
  facet normal 0.725241 0.558291 -0.402911
    outer loop
      vertex -1.12000 -1.60000 0.45600
      vertex -1.05500 -1.51556 0.69000
      vertex -0.99000 -1.60000 0.69000
    endloop
  endfacet
  facet normal 0.000000 0.940634 0.339422
    outer loop
      vertex -1.12000 -1.60000 0.92400
      vertex -1.05500 -1.51556 0.69000
      vertex -1.18500 -1.51556 0.69000
    endloop
  endfacet
  facet normal 0.000000 0.940634 -0.339422
    outer loop
      vertex -1.12000 -1.60000 0.45600
      vertex -1.18500 -1.51556 0.69000
      vertex -1.05500 -1.51556 0.69000
    endloop
  endfacet
  facet normal -0.725241 0.558291 0.402911
    outer loop
      vertex -1.12000 -1.60000 0.92400
      vertex -1.18500 -1.51556 0.69000
      vertex -1.25000 -1.60000 0.69000
    endloop
  endfacet
  facet normal -0.725241 0.558291 -0.402911
    outer loop
      vertex -1.12000 -1.60000 0.45600
      vertex -1.25000 -1.60000 0.69000
      vertex -1.18500 -1.51556 0.69000
    endloop
  endfacet
  facet normal -0.725241 -0.558291 0.402911
    outer loop
      vertex -1.12000 -1.60000 0.92400
      vertex -1.25000 -1.60000 0.69000
      vertex -1.18500 -1.68444 0.69000
    endloop
  endfacet
  facet normal -0.725241 -0.558291 -0.402911
    outer loop
      vertex -1.12000 -1.60000 0.45600
      vertex -1.18500 -1.68444 0.69000
      vertex -1.25000 -1.60000 0.69000
    endloop
  endfacet
  facet normal 0.000000 -0.940634 0.339422
    outer loop
      vertex -1.12000 -1.60000 0.92400
      vertex -1.18500 -1.68444 0.69000
      vertex -1.05500 -1.68444 0.69000
    endloop
  endfacet
  facet normal 0.000000 -0.940634 -0.339422
    outer loop
      vertex -1.12000 -1.60000 0.45600
      vertex -1.05500 -1.68444 0.69000
      vertex -1.18500 -1.68444 0.69000
    endloop
  endfacet
  facet normal 0.725241 -0.558291 0.402911
    outer loop
      vertex -1.12000 -1.60000 0.92400
      vertex -1.05500 -1.68444 0.69000
      vertex -0.99000 -1.60000 0.69000
    endloop
  endfacet
  facet normal 0.725241 -0.558291 -0.402911
    outer loop
      vertex -1.12000 -1.60000 0.45600
      vertex -0.99000 -1.60000 0.69000
      vertex -1.05500 -1.68444 0.69000
    endloop
  endfacet
  facet normal 0.725241 0.558291 0.402911
    outer loop
      vertex 3.35000 -0.48000 0.96200
      vertex 3.49000 -0.48000 0.71000
      vertex 3.42000 -0.38907 0.71000
    endloop
  endfacet
  facet normal 0.725241 0.558291 -0.402911
    outer loop
      vertex 3.35000 -0.48000 0.45800
      vertex 3.42000 -0.38907 0.71000
      vertex 3.49000 -0.48000 0.71000
    endloop
  endfacet
  facet normal 0.000000 0.940634 0.339422
    outer loop
      vertex 3.35000 -0.48000 0.96200
      vertex 3.42000 -0.38907 0.71000
      vertex 3.28000 -0.38907 0.71000
    endloop
  endfacet
  facet normal 0.000000 0.940634 -0.339422
    outer loop
      vertex 3.35000 -0.48000 0.45800
      vertex 3.28000 -0.38907 0.71000
      vertex 3.42000 -0.38907 0.71000
    endloop
  endfacet
  facet normal -0.725241 0.558291 0.402911
    outer loop
      vertex 3.35000 -0.48000 0.96200
      vertex 3.28000 -0.38907 0.71000
      vertex 3.21000 -0.48000 0.71000
    endloop
  endfacet
  facet normal -0.725241 0.558291 -0.402911
    outer loop
      vertex 3.35000 -0.48000 0.45800
      vertex 3.21000 -0.48000 0.71000
      vertex 3.28000 -0.38907 0.71000
    endloop
  endfacet
  facet normal -0.725241 -0.558291 0.402911
    outer loop
      vertex 3.35000 -0.48000 0.96200
      vertex 3.21000 -0.48000 0.71000
      vertex 3.28000 -0.57093 0.71000
    endloop
  endfacet
  facet normal -0.725241 -0.558291 -0.402911
    outer loop
      vertex 3.35000 -0.48000 0.45800
      vertex 3.28000 -0.57093 0.71000
      vertex 3.21000 -0.48000 0.71000
    endloop
  endfacet
  facet normal 0.000000 -0.940634 0.339422
    outer loop
      vertex 3.35000 -0.48000 0.96200
      vertex 3.28000 -0.57093 0.71000
      vertex 3.42000 -0.57093 0.71000
    endloop
  endfacet
  facet normal 0.000000 -0.940634 -0.339422
    outer loop
      vertex 3.35000 -0.48000 0.45800
      vertex 3.42000 -0.57093 0.71000
      vertex 3.28000 -0.57093 0.71000
    endloop
  endfacet
  facet normal 0.725241 -0.558291 0.402911
    outer loop
      vertex 3.35000 -0.48000 0.96200
      vertex 3.42000 -0.57093 0.71000
      vertex 3.49000 -0.48000 0.71000
    endloop
  endfacet
  facet normal 0.725241 -0.558291 -0.402911
    outer loop
      vertex 3.35000 -0.48000 0.45800
      vertex 3.49000 -0.48000 0.71000
      vertex 3.42000 -0.57093 0.71000
    endloop
  endfacet
endsolid jil yk_floating_island
